3.075507446025074,7.867796107564772,11.03065814067628,11.601272365633871,23.794183191852103,15.620865151607905,0.0,0.09408318875458867,0.13798867684006338,0.41396603052019015,0.27597735368012677,0.18816637750917733,0.2947939914310445,0.21952744042737357,0.30106620401468376,0.5331380696093357,0.19443859009281658,0.2947939914310445,0.20071080267645583,0.11917203908914564,animal
2.48694278988888,6.87451181064076,7.723908608078852,9.156498162146544,17.63340916320319,12.749611523819707,0.0,0.42694437665702356,0.3436381568215068,0.5102505964925403,0.42694437665702356,0.10413277479439599,0.11454605227383559,0.0624796648766376,0.1249593297532752,0.3540514343009464,0.22909210454767118,0.0833062198355168,0.1249593297532752,0.11454605227383559,animal
3.072007505246471,9.579883231010488,10.945249146360188,12.671359420425526,24.783576615700024,17.599219195254403,24.54118054321905,0.369927148945457,0.369927148945457,0.3212525240842126,0.369927148945457,0.14602387458373303,0.29204774916746606,0.15575879955598187,0.22390327436172397,0.369927148945457,0.2531080492784706,0.1849635744727285,0.2531080492784706,0.07787939977799094,animal
2.8500474442608046,7.323040127486845,12.394394087717236,9.952537215969521,21.5758827054657,13.815184630637994,0.0,0.17602816676020275,0.2960473713694319,0.40006401536409714,0.4080652956713791,0.16002560614563885,0.38406145474953324,0.17602816676020275,0.25604096983302216,0.14402304553107498,0.22403584860389442,0.3120499319839958,0.3200512122912777,0.12001920460922914,animal
2.9741673141331235,8.346421883942892,10.663058690228153,11.191731402167369,0.0,15.370144982939602,0.0,0.06243716086957942,0.03746229652174765,0.5952342669566572,0.5036597643479407,0.1581741408696012,0.3912728747826977,0.07076211565219001,0.04578725130435824,0.21228634695657003,0.11654936695654824,0.34964810086964476,0.13736175391307473,0.04162477391305294,animal
2.381494987476578,5.526003165222519,7.331284595030326,7.447596186952119,15.15848453244084,10.24305030174869,14.893105403203764,0.2216032473423788,0.2216032473423788,0.6371093361093391,0.06925101479449337,0.13850202958898675,0.13850202958898675,0.2216032473423788,0.19390284142458145,0.42935629172585893,0.23545345030127748,0.1662024355067841,0.23545345030127748,0.20775304438348013,animal
2.9717217900813386,7.853456945962138,11.809446340134198,11.391849537331735,23.092709868320416,15.77864519959424,23.208596543272225,0.08781064602970197,0.18486451795726733,0.38359387476132967,0.22183742154872077,0.46216129489316826,0.3050264546294911,0.30040484168055936,0.2634319380891059,0.24032387334444752,0.2634319380891059,0.2588103251401742,0.2449454862933792,0.20335096975299405,animal
2.378366315085335,5.918936728842249,7.8900795335513045,7.309972812915055,0.0,10.301019875736223,0.0,0.23494930862873947,0.2662758831125714,0.5482150534670588,0.14096958517724367,0.37591889380598315,0.23494930862873947,0.28193917035448735,0.20362273414490753,0.3289290320802353,0.18795944690299157,0.14096958517724367,0.2192860213868235,0.15663287241915963,animal
2.052446376094564,5.131997185772152,6.758421891427995,6.91269662335649,13.86240727560229,9.479587759158072,0.0,0.26931747177714355,0.4039762076657153,0.35908996236952473,0.1945070629501592,0.28427955354254036,0.22443122648095293,0.1945070629501592,0.26931747177714355,0.34412788060412786,0.2393933082463498,0.22443122648095293,0.2393933082463498,0.26931747177714355,animal
3.170799484385722,8.307857265853215,11.28849892239589,13.340662203115144,0.0,0.0,0.0,0.0,0.13720532498711294,0.7409087549304099,0.4116159749613388,0.027441064997422587,0.3018517149716484,0.10976425998969035,0.027441064997422587,0.1646463899845355,0.10976425998969035,0.1920874549819581,0.2744106499742259,0.08232319499226776,animal
3.0877919622707464,7.299639282668495,10.070541371606634,11.132915055756634,0.0,0.0,0.0,0.13359335122436022,0.40078005367308067,0.5176742359943959,0.16699168903045028,0.13359335122436022,0.38408088477003566,0.26718670244872045,0.25048753354567543,0.26718670244872045,0.20039002683654034,0.18369085793349532,0.21708919573958538,0.18369085793349532,animal
2.037452972331087,4.558504864650172,7.782117700538519,7.959713360740941,16.249560276091888,10.481500282570588,15.86471112859669,0.31661889512863134,0.2814390178921167,0.4925182813112043,0.36938871098340326,0.21107926341908756,0.15830944756431567,0.29902895651037403,0.12312957032780107,0.21107926341908756,0.17589938618257298,0.31661889512863134,0.24625914065560214,0.17589938618257298,animal
1.7106663594193503,4.029799727839967,5.0857963330171225,5.702534579296826,11.123232369718846,7.841318636810054,0.0,0.15762497783398904,0.23037496760352244,0.4971249300918116,0.13337498124414457,0.13337498124414457,0.13337498124414457,0.2546249641933669,0.3273749539629003,0.30312495737305584,0.3516249505527448,0.12124998294922233,0.43649993861720043,0.16974997612891127,animal
3.018711168782811,7.4951636748500645,11.910303969589265,10.77668360245755,0.0,15.093172174918566,22.149497466047976,0.04010440736563469,0.24062644419380813,0.20052203682817343,0.4612006847047989,0.20052203682817343,0.7218793325814243,0.08020881473126938,0.14036542577972141,0.16041762946253876,0.12031322209690407,0.14036542577972141,0.12031322209690407,0.16041762946253876,animal
2.2264289244188564,5.7992808643919505,7.46264918881599,7.315477575614612,14.712454042756804,10.220664812771114,0.0,0.39416160936636835,0.2586685561466792,0.2340334555612812,0.3079387573174753,0.09854040234159209,0.1354930532196891,0.3695265087809703,0.2463510058539802,0.18476325439048516,0.4187967099517664,0.19708080468318417,0.3325738579028733,0.2093983549758832,animal
2.4227107688389133,6.938111973594878,7.805832988487606,7.854762766420025,15.687194640165009,11.427010159384182,0.0,0.2791704419644145,0.2248873004713339,0.2326420349703454,0.286925176463426,0.13958522098220724,0.24039676946935692,0.2946799109624375,0.38773672495057565,0.06203787599209211,0.4342651319446448,0.13183048648319573,0.36447252145354114,0.2791704419644145,animal
2.914856277370125,6.424028908204104,9.359460353743746,10.504738084644929,0.0,0.0,0.0,0.36227658403824003,0.2770350348527718,0.3196558094455059,0.2770350348527718,0.2557246475564047,0.42620774592734123,0.21310387296367062,0.2770350348527718,0.2557246475564047,0.2770350348527718,0.08524154918546825,0.2557246475564047,0.1704830983709365,animal
3.04342195673693,7.449726766499254,9.651022444674227,10.39026622814692,20.50391504754676,14.202751138355415,0.0,0.5792844463634923,0.2317137785453969,0.2027495562272223,0.28964222318174615,0.2027495562272223,0.34757066781809537,0.2606780008635715,0.14482111159087308,0.2317137785453969,0.28964222318174615,0.11585688927269845,0.2317137785453969,0.17378533390904768,animal
2.161580490873732,4.987189452433783,7.576545506093325,6.622586704644676,0.0,9.159621805084567,13.851403117974185,0.4982041660449398,0.5646313881842651,0.31552930516179517,0.14946124981348194,0.1328544442786506,0.31552930516179517,0.18267486088314458,0.1992816664179759,0.09964083320898795,0.23249527748763854,0.14946124981348194,0.18267486088314458,0.03321361106966265,animal
2.8916672899890563,6.902207156662886,9.423976219188411,10.713896201883944,0.0,0.0,20.925282632059044,0.5327916083851364,0.39071384614910004,0.31079510489132955,0.18647706293479774,0.19535692307455002,0.17759720279504546,0.30191524475157727,0.29303538461182504,0.2308763636335591,0.1687173426552932,0.11543818181677955,0.1687173426552932,0.24863608391306366,animal
2.827906514626357,6.131194710765788,9.088597773591905,9.887697847680842,20.589972800223187,0.0,19.37665720091658,0.3889676344973123,0.27011641284535576,0.23770244330391307,0.140460534679585,0.12965587816577076,0.04321862605525693,0.29172572587298423,0.43218626055256926,0.11885122165195654,0.28092106935917,0.3133350389006127,0.3457490084420554,0.3133350389006127,animal
3.0364532468627936,6.676590362941131,9.785216988783299,11.420820449584067,0.0,0.0,0.0,0.4829627439546375,0.39515133596288526,0.0,0.24148137197731875,0.39515133596288526,0.3512456319670091,0.30733992797113296,0.17562281598350454,0.0,0.13171711198762842,0.2195285199793807,0.15366996398556648,0.24148137197731875,animal
3.0368339178197274,8.362707764801645,10.864889634726243,11.975930477140283,0.0,16.2090920020736,23.399261461113973,0.09909899185787058,0.14534518805821017,0.2378375804588894,0.29069037611642035,0.5285279565753097,0.4426421636318219,0.29069037611642035,0.19819798371574116,0.17177158588697566,0.14534518805821017,0.3633629701455255,0.15855838697259292,0.14534518805821017,animal
2.582479419423,6.5465941721634815,8.308688171232154,8.3406832265184,0.0,11.657823902037832,17.051437166095717,0.3697399940468023,0.17399529131614228,0.5872341081919802,0.15224587990162447,0.10874705707258892,0.10874705707258892,0.1304964684871067,0.32624117121776675,0.2827423483887312,0.32624117121776675,0.04349882282903557,0.32624117121776675,0.15224587990162447,animal
2.937995644594734,8.269462340203583,10.740240378135447,11.276771031046662,22.496744501381805,0.0,22.38825179765935,0.04268323629020111,0.10670809072550277,0.2262211523380659,0.38841745024083013,0.4951255409663329,0.345734213950629,0.3158559485474882,0.23902612322512623,0.17926959241884466,0.23475779959610613,0.29024600677336754,0.230489475967086,0.1963428869349251,animal
2.4030693034610087,6.4803915558141885,7.511537720251885,7.4948951970902,15.34710787810471,10.825852540475335,15.046689029321572,0.33082998996066687,0.47556811056845866,0.1860918693528751,0.12406124623525008,0.1860918693528751,0.3101531155881252,0.2067687437254168,0.26879936684304184,0.3721837387057502,0.26879936684304184,0.08270749749016672,0.35150686433320855,0.16541499498033344,animal
2.9825239852196446,8.521924228280186,10.078929768353083,10.85201947946704,0.0,0.0,21.635438010621304,0.013727281796861815,0.05490912718744726,0.2516668329424666,0.2745456359372363,0.4758791022912096,0.44842453869748594,0.2745456359372363,0.29284867833305206,0.20133346635397328,0.18303042395815752,0.31572748132782175,0.2699698753382824,0.15100009976547996,animal
2.936968286877534,8.034697892886866,10.560827909805324,11.53875078826367,22.64446154757825,16.91029944991169,22.91048921940648,0.0641664623839488,0.11122186813217791,0.38927653846262267,0.320832311919744,0.3935543026215526,0.36788771766797307,0.3122767836018841,0.2609436136947251,0.25238808537686525,0.20533267962863613,0.2823324344893747,0.2352770287411456,0.17966609467505662,animal
2.8107818361939167,6.763263211155185,9.238368286298588,9.437205358105853,19.160790068292503,0.0,18.81524432998332,0.7900657071763405,0.28216632399155017,0.16929979439493012,0.16929979439493012,0.08464989719746506,0.25394969159239517,0.22573305919324013,0.11286652959662007,0.05643326479831003,0.028216632399155017,0.22573305919324013,0.14108316199577509,0.16929979439493012,animal
2.7007332807035973,7.487077704176205,10.260550372385183,9.345601972975569,0.0,0.0,19.149604699347872,0.6887568256738228,0.3973597071195132,0.05298129428260176,0.26490647141300877,0.2384158242717079,0.31788776569561056,0.10596258856520352,0.18543452998910614,0.10596258856520352,0.10596258856520352,0.07947194142390264,0.21192517713040704,0.13245323570650439,animal
2.597631503598894,5.994923579651043,8.375785511020975,8.5395127238029,16.999913145271897,0.0,17.94714390429172,0.49656353316142077,0.5793241220216575,0.0827605888602368,0.1655211777204736,0.0827605888602368,0.1655211777204736,0.0,0.0827605888602368,0.12414088329035519,0.37242264987106555,0.24828176658071038,0.206901472150592,0.28966206101082875,animal
1.8095376756349375,4.3048496282744315,6.042193807727498,7.036470468463157,0.0,9.422822509800783,13.635905607858444,0.28808054048340825,0.41902624070313926,0.36664796061524685,0.07856742013183861,0.2357022603955158,0.05237828008789241,0.3404588205713006,0.28808054048340825,0.05237828008789241,0.36664796061524685,0.15713484026367722,0.31426968052735443,0.28808054048340825,animal
2.3852325454858203,5.182375948072352,7.665829114371582,8.225010248274975,16.354889134387538,0.0,16.291596513527367,0.3129606640893244,0.34773407121036043,0.5911479210576127,0.17386703560518021,0.1390936284841442,0.0695468142420721,0.17386703560518021,0.10432022136310813,0.34773407121036043,0.34773407121036043,0.0695468142420721,0.2434138498472523,0.17386703560518021,animal
3.1538203363748556,8.008202527270194,10.734027300021264,12.321059441112059,23.905216169641825,17.206956404531077,0.0,0.07090737023189722,0.08956720450344911,0.10449507192069063,0.6530941995043165,0.10822703877500102,0.608310597252592,0.14554670731810482,0.11569097248362177,0.0932991713577595,0.09703113821206988,0.30602128205345114,0.11569097248362177,0.08956720450344911,animal
2.8503799037291593,6.812029037749928,10.982604726523396,10.097925532288183,20.89091287801885,0.0,20.719487421988646,0.1959397483449728,0.09500109010665347,0.32062867910995546,0.11875136263331684,0.23156515713496786,0.12468893076498269,0.33250381537328716,0.4928181549282649,0.17812704394997528,0.3087535428466238,0.2850032703199604,0.35625408789995056,0.2790657021882946,animal
3.079611311966454,6.9017864118375005,9.971687025831748,11.159197767102167,0.0,0.0,21.729690408238504,0.541752651086591,0.4847260562353709,0.08553989227683016,0.34215956910732065,0.11405318970244022,0.08553989227683016,0.2851329742561005,0.05702659485122011,0.05702659485122011,0.11405318970244022,0.3706728665329307,0.08553989227683016,0.2851329742561005,animal
2.0784630534826936,4.706242475047464,7.435690985838315,6.962593299219846,14.272702710572712,10.355591268296608,0.0,0.09856246672281477,0.26283324459417273,0.45995817803980227,0.19712493344562954,0.30663878535986816,0.09856246672281477,0.39424986689125907,0.2518818594027489,0.07665969633996704,0.2518818594027489,0.35044432612556364,0.28473601497702045,0.2737846297855966,animal
1.9416924028446052,4.303732718809713,6.148781807051688,6.698956562463594,0.0,0.0,0.0,0.010007007358585517,0.08005605886868414,0.36025226490907863,0.09006306622726966,0.30021022075756554,0.08005605886868414,0.3802662796262497,0.32022423547473655,0.09006306622726966,0.3502452575504931,0.3802662796262497,0.3902732869848352,0.29020321339898003,animal
2.177123771755617,5.285353989625443,7.366117084095734,7.711130114753787,15.249932182773692,10.410781681277363,0.0,0.06568468214766579,0.2846336226398851,0.4160029869352167,0.1532642583445535,0.24084383454144123,0.1642117053691645,0.20800149346760835,0.22989638751683028,0.2846336226398851,0.3503183047875509,0.306528516689107,0.317475963713718,0.37221319883677284,animal
3.1104488010228244,7.622833911598982,10.344569610677196,11.67701736209854,0.0,0.0,0.0,0.022002137454319816,0.08172222483033074,0.1728739371410843,0.5657692488253667,0.11944017475202186,0.6757799360969658,0.10686752477812482,0.16030128716718725,0.06600641236295945,0.1477286371932902,0.25145299947794075,0.19801923708887836,0.07857906233685649,animal
3.1522345122696755,9.031396080534785,11.868043625423503,12.58328603984269,25.06550377698823,0.0,24.888530190060116,0.15153077082878666,0.06494175892662285,0.06494175892662285,0.4978868184374419,0.36800330058419617,0.432945059510819,0.432945059510819,0.08658901190216381,0.021647252975540952,0.08658901190216381,0.34635604760865524,0.08658901190216381,0.2597670357064914,animal
1.4297997309958552,4.014813596590757,5.397355112219742,5.602402075285439,11.103429517107777,0.0,0.0,0.10066993792210738,0.08628851821894919,0.3882983319852713,0.11505135762526557,0.33077265317263854,0.014381419703158196,0.28762839406316393,0.3595354925789549,0.28762839406316393,0.4026797516884295,0.28762839406316393,0.33077265317263854,0.24448413495368934,animal
2.895222852911992,6.051839222006832,10.372702048267714,10.708224190562328,21.435392378575102,14.02288452880072,21.36819090177878,0.0,0.2,0.0,0.0,0.0,0.0,0.4,0.0,0.2,0.6,0.0,0.6,0.2,animal
2.889649120818859,6.315064912654034,8.995890144545145,9.801487188904373,19.43242420950641,14.085257888295326,0.0,0.18793639429397582,0.5638091828819275,0.14095229572048187,0.18793639429397582,0.28190459144096375,0.28190459144096375,0.14095229572048187,0.14095229572048187,0.37587278858795165,0.4228568871614456,0.18793639429397582,0.046984098573493956,0.18793639429397582,animal
2.715498095939264,6.189722654030073,10.135604057541192,10.899984703418435,21.476155775448827,14.150668102462065,21.731571338721825,0.2728738972719091,0.3274486767262909,0.4638856253622454,0.16372433836314546,0.24558650754471817,0.2728738972719091,0.3001612869991,0.08186216918157273,0.4638856253622454,0.08186216918157273,0.2728738972719091,0.19101172809033634,0.10914955890876363,animal
2.6480914191294844,6.345346182936625,8.672386544752683,8.986364574989432,18.05477535932845,12.325675256094085,0.0,0.04885319687460315,0.3419723781222221,0.5373851656206347,0.24426598437301575,0.29311918124761893,0.0977063937492063,0.24426598437301575,0.0977063937492063,0.5373851656206347,0.1954127874984126,0.0977063937492063,0.0977063937492063,0.14655959062380947,animal
3.074957231552495,8.799127631816464,9.674973280404084,9.837171371739872,19.59573101737266,14.23679797355025,0.0,0.18257418583505536,0.0,0.5477225575051661,0.3651483716701107,0.18257418583505536,0.18257418583505536,0.0,0.3651483716701107,0.18257418583505536,0.3651483716701107,0.18257418583505536,0.3651483716701107,0.0,animal
3.1041969601547983,7.866824865581332,10.731272677484245,11.205603821632328,23.10832452063151,0.0,0.0,0.5749889084999459,0.5111012519999519,0.19166296949998196,0.06388765649999399,0.25555062599997597,0.12777531299998798,0.12777531299998798,0.12777531299998798,0.12777531299998798,0.12777531299998798,0.3194382824999699,0.12777531299998798,0.3194382824999699,animal
2.865119333761981,7.04306171953565,9.572823236774727,10.881961444044583,0.0,0.0,0.0,0.30588516760547835,0.20124024184570943,0.36223243532227695,0.4185797030390756,0.2575875095625081,0.3863812643437621,0.2575875095625081,0.14489297412891078,0.1770914128242243,0.21733946119336617,0.15294258380273917,0.2656371192363364,0.28978594825782156,animal
3.0158254525344588,6.684790022209268,9.72842498135677,11.062082249362035,0.0,0.0,21.457348250459987,0.3247099833872796,0.28412123546386964,0.1623549916936398,0.4464762271575094,0.24353248754045967,0.3247099833872796,0.1623549916936398,0.20294373961704973,0.20294373961704973,0.3652987313106895,0.28412123546386964,0.20294373961704973,0.24353248754045967,animal
2.644818614532084,5.700910712064611,8.337097236176772,8.43837136151834,16.835651574337827,0.0,17.50932953221084,0.7578532485278157,0.3497784223974534,0.32063022053099893,0.14574100933227224,0.0582964037329089,0.2331856149316356,0.0582964037329089,0.02914820186645445,0.1165928074658178,0.20403741306518114,0.0,0.2331856149316356,0.08744460559936335,animal
3.1441494397831065,9.081988793586758,12.609632258576479,12.038121208973708,0.0,0.0,0.0,0.1469936830518334,0.22717205562556073,0.2538981798168031,0.22717205562556073,0.30735042819928804,0.2672612419124244,0.42761798705987897,0.17371980724307584,0.05345224838248487,0.2538981798168031,0.5211594217292275,0.24053511772118194,0.18708286933869706,animal
3.161683063375082,9.39719500794679,11.692764190258739,13.93365183291155,26.746891072001503,19.678363072418378,0.0,0.12380173237734156,0.10611577060914991,0.12380173237734156,0.4421490442047913,0.38909115890021634,0.17685961768191652,0.49520692950936623,0.14148769414553322,0.035371923536383305,0.21223154121829982,0.3006613500592581,0.22991750298649147,0.35371923536383304,animal
2.8215136168030712,5.996075410280592,9.658841582599196,9.050561970196933,18.411461140238448,12.054430846223903,19.180627690357277,0.40482045237636816,0.40482045237636816,0.46265194557299216,0.17349447958987207,0.08674723979493604,0.08674723979493604,0.14457873299156004,0.2602417193848081,0.11566298639324804,0.08674723979493604,0.3180732125814321,0.3180732125814321,0.3180732125814321,animal
3.0233314283974355,9.145792342646482,11.813395160742834,10.814756029572399,22.15216013787816,0.0,0.0,0.2571310020228169,0.12413220787308402,0.2305312431928703,0.12413220787308402,0.26599758829946574,0.186198311809626,0.3635300373426032,0.3635300373426032,0.13299879414973287,0.4167295550024963,0.22166465691622145,0.3989963824491986,0.28373076085276344,animal
3.079554628097665,9.832736201829741,10.96077155443602,11.382638887324525,23.668890713231217,17.04336817706665,0.0,0.4455210556068153,0.4193139346887673,0.1965534068853597,0.2620712091804796,0.28827833009852755,0.18344984642633572,0.20965696734438366,0.20965696734438366,0.1965534068853597,0.23586408826243163,0.18344984642633572,0.4062103742297434,0.14413916504926377,animal
3.1231669850704007,8.98955151874986,12.350331648328527,11.393398692756433,23.50264574923307,0.0,0.0,0.2926028679903264,0.23408229439226114,0.0,0.23408229439226114,0.3511234415883917,0.3511234415883917,0.5266851623825876,0.0,0.058520573598065284,0.0,0.3511234415883917,0.17556172079419585,0.3511234415883917,animal
3.0686886767797836,6.818937084907497,10.797338571853034,11.415863463674821,0.0,0.0,23.286495435940008,0.5301036495380573,0.43070921524967154,0.3644462590574144,0.43070921524967154,0.03313147809612858,0.09939443428838575,0.26505182476902867,0.0,0.3313147809612858,0.06626295619225717,0.13252591238451433,0.03313147809612858,0.03313147809612858,animal
2.359608528234347,5.574221045596066,7.2441097071890015,7.644063885658022,15.51500178014438,10.540437601181166,15.120915277942338,0.07658395810674835,0.07658395810674835,0.7275476020141094,0.03829197905337418,0.11487593716012254,0.0,0.1531679162134967,0.11487593716012254,0.5743796858006126,0.03829197905337418,0.22975187432024508,0.0,0.1531679162134967,animal
2.231608454986517,5.302309637482915,8.252894696101425,8.713178464604317,0.0,11.394548178428725,0.0,0.1506425348078136,0.12325298302457477,0.6984335704725904,0.24650596604914954,0.09586343124133592,0.17803208659105244,0.10955820713295535,0.05477910356647767,0.5067067079899185,0.19172686248267184,0.20542163837429128,0.08216865534971651,0.12325298302457477,animal
2.7270524452545977,6.88263035072879,8.69249482330582,9.31634295770387,0.0,12.75925558713044,19.250121844961978,0.22398443362277604,0.11899173036209977,0.5179640027526696,0.18198735231850552,0.2589820013763348,0.15398929811565853,0.18198735231850552,0.38497324528914634,0.3429761639848758,0.2869800555791818,0.2169849200720643,0.3149781097820288,0.12599124391281152,animal
2.7572599652183643,6.59980977285973,9.569003712343196,8.897223037335403,18.285759829803478,0.0,0.0,0.3366397746559039,0.3740441940621154,0.579768500796279,0.14961767762484618,0.09351104851552886,0.11221325821863463,0.14961767762484618,0.29923535524969236,0.3366397746559039,0.22442651643726927,0.22442651643726927,0.16831988732795194,0.11221325821863463,animal
3.044052937651166,7.116711651032907,9.91260247416635,10.583948832610416,0.0,0.0,20.84627094534956,0.058887239524028426,0.18402262351258883,0.43429339148970963,0.34596253220366696,0.3238798173821563,0.2723534827986315,0.25763167291762434,0.31651891244165276,0.13249628892906395,0.279714387739135,0.31651891244165276,0.3017971025606457,0.14721809881007106,animal
2.904943182712213,6.643339042263043,9.310446746081777,10.103956250692459,20.185438856322293,13.564946727831607,19.853832195511785,0.4749174720869308,0.5088401486645687,0.30530408919874125,0.2374587360434654,0.13569070631055166,0.2374587360434654,0.2374587360434654,0.10176802973291374,0.20353605946582748,0.20353605946582748,0.16961338288818958,0.2374587360434654,0.2374587360434654,animal
2.8954804789161424,6.347861492669463,9.255134027879018,9.909030020051668,19.54341782532565,0.0,0.0,0.12757297666876868,0.17009730222502492,0.3189324416719217,0.552816232231331,0.17009730222502492,0.5102919066750747,0.2764081161156655,0.10631081389064058,0.12757297666876868,0.08504865111251246,0.3189324416719217,0.12757297666876868,0.17009730222502492,animal
3.0561177141787756,7.895149588526326,10.567028983351195,11.620168642816441,0.0,0.0,0.0,0.5305466797669783,0.5457051563317492,0.03031695312954162,0.22737714847156215,0.2728525781658746,0.24253562503633297,0.2576941016011038,0.19706019534202054,0.10610933595339568,0.19706019534202054,0.1364262890829373,0.1667432422124789,0.18190171877724973,animal
2.4458487392473383,5.553588844738369,7.140521240010464,7.29528335222029,14.540964212070032,10.133460604387913,0.0,0.36077755901457664,0.3892599978841485,0.4177424367537203,0.0949414628985728,0.06645902402900096,0.07595317031885825,0.1519063406377165,0.2848243886957184,0.237353657246432,0.4367307293334349,0.10443560918843008,0.3892599978841485,0.10443560918843008,animal
2.995078451887243,7.069621170428445,9.39887304064462,10.25549675085243,20.084563642447037,13.825364390181107,0.0,0.5005668293397083,0.4366646809133626,0.28755966791855586,0.13845465492374912,0.19170644527903724,0.17040572913692198,0.1810560872079796,0.15975537106586438,0.19170644527903724,0.25560859370538297,0.3088603840606711,0.34081145827384396,0.13845465492374912,animal
2.7650806341000673,6.899480575084782,9.057249049543746,10.326281810820976,0.0,0.0,0.0,0.5124316951845002,0.40498633974258885,0.32233606632573397,0.27274590227562107,0.14877049215033875,0.27274590227562107,0.23142076556719363,0.1818306015170807,0.14050546480865328,0.19009562885876619,0.22315573822550813,0.28101092961730656,0.16530054683370973,animal
3.0969307772779664,8.80315565105644,10.747789894872096,11.461120231789895,0.0,15.968516145132114,0.0,0.06311168026348662,0.27348394780844204,0.30153358348110276,0.4417817618444063,0.3716576726627545,0.4558065796807367,0.15427299619963397,0.08414890701798217,0.1753102229541295,0.19634744970862503,0.350620445908259,0.23140949429945093,0.11219854269064287,animal
2.1501971293400217,5.162650192356045,7.068702225496639,7.754629405788575,0.0,0.0,15.171503837719431,0.2202669294643057,0.11013346473215285,0.44787608991075495,0.25697808437502334,0.13950238866072695,0.1321601576785834,0.17621354357144456,0.4405338589286114,0.2643203153571668,0.4111649350000373,0.22760916044644924,0.2936892392857409,0.1835557745535881,animal
2.334664513340926,5.542053524702902,7.878804679047395,7.013622779027276,0.0,9.787357490961266,0.0,0.3550606663113378,0.3905667329424716,0.49708493283587296,0.09468284434969008,0.15385962206824638,0.14202426652453512,0.24854246641793648,0.24854246641793648,0.16569497761195764,0.36689602185504905,0.15385962206824638,0.28404853304907024,0.1775303331556689,animal
2.8803408511099486,9.143791211549994,10.500898554748522,9.606558155186004,19.848580283374872,0.0,0.0,0.3926547456014349,0.2585775153960669,0.2873083504400743,0.24900057038139772,0.21069279032272115,0.29688529545474346,0.20111584530805202,0.18196195527871373,0.2873083504400743,0.3160391854840817,0.24900057038139772,0.3735008555720966,0.21069279032272115,animal
1.8543599608020667,4.059055473099289,7.949537708042897,6.269058014035741,0.0,8.308772467531647,14.22191224502804,0.4955720105944654,0.4476134289240333,0.351696265583169,0.1438757450112964,0.22380671446201664,0.12788955112115236,0.1438757450112964,0.22380671446201664,0.19183432668172853,0.27176529613244876,0.30373768391273687,0.2557791022423047,0.06394477556057618,animal
2.4905184802183356,5.168270846906237,9.807812381153719,9.924586036720587,19.82027398262232,0.0,0.0,0.09605226665345822,0.24013066663364555,0.4162264888316523,0.30416551106928436,0.30416551106928436,0.11206097776236792,0.17609582219800674,0.17609582219800674,0.16008711108909704,0.20811324441582615,0.5603048888118396,0.27214808885146496,0.20811324441582615,animal
2.38159419980495,6.178975927578202,8.414133051879832,6.898033027871028,0.0,10.008644951201296,0.0,0.2790404591875125,0.3424587453664927,0.545397261139229,0.22830583024432843,0.12683657235796025,0.11415291512216422,0.1648875440653483,0.39319337430967677,0.24098948748012447,0.2917241164233086,0.22830583024432843,0.2029385157727364,0.08878560065057217,animal
2.3827699542577028,5.106444470757307,7.20020782817606,7.576189682835225,15.17779606864738,10.292934626573578,15.066194866614833,0.2826092475462894,0.385376246654031,0.3083009973232248,0.3596844968770956,0.0770752493308062,0.2826092475462894,0.3083009973232248,0.0770752493308062,0.12845874888467698,0.3083009973232248,0.3596844968770956,0.25691749776935396,0.23122574799241857,animal
3.0160804163367643,8.266286280915933,11.789721794446182,12.544815641824766,0.0,0.0,0.0,0.31217986742037873,0.28016141947982703,0.32018447940551664,0.2641521955095512,0.3602075393312062,0.2641521955095512,0.32018447940551664,0.2561475835244133,0.12807379176220665,0.21612452359872372,0.3522029273460683,0.22412913558386163,0.21612452359872372,animal
1.808428907025494,4.316648155582757,5.5450910072205835,5.771372031429563,11.447092464092245,8.488504024968178,0.0,0.06305274894057042,0.039407968087856515,0.2995005574677095,0.09457912341085563,0.16551346596899735,0.05517115532299912,0.19703984043928258,0.5517115532299912,0.09457912341085563,0.44136924258399296,0.3231453383204234,0.4256060553488503,0.18127665320413996,animal
3.066065433757842,6.986832763419275,11.392731794276262,11.51675661822867,22.99098531634821,15.023916495101448,23.50470284377202,0.3948735948694923,0.4211985011941251,0.15794943794779692,0.15794943794779692,0.1316245316231641,0.1316245316231641,0.34222378222022665,0.15794943794779692,0.23692415692169538,0.18427434427242975,0.47384831384339077,0.23692415692169538,0.2632490632463282,animal
3.088730708288433,7.891309545705525,10.772048668856154,10.93056457418778,0.0,0.0,0.0,0.6372419854861247,0.33379342096892245,0.18206913871032135,0.030344856451720224,0.2427588516137618,0.09103456935516067,0.5158625596792438,0.030344856451720224,0.09103456935516067,0.1213794258068809,0.21241399516204157,0.15172428225860113,0.15172428225860113,animal
2.657727190061783,5.985524736067926,7.9718684976199015,8.53312574449358,17.41690218475036,0.0,0.0,0.3823517927262997,0.12745059757543323,0.5416650396955912,0.09558794818157493,0.03186264939385831,0.03186264939385831,0.15931324696929153,0.31862649393858306,0.09558794818157493,0.4779397409078746,0.19117589636314986,0.28676384454472476,0.22303854575700816,animal
3.1237935930796747,8.201340683158561,10.915130788160726,11.1523559600957,0.0,0.0,0.0,0.5687111245916713,0.4874666782214325,0.28435556229583564,0.12186666955535813,0.12186666955535813,0.04062222318511938,0.08124444637023875,0.0,0.08124444637023875,0.20311111592559689,0.1624888927404775,0.28435556229583564,0.40622223185119377,animal
3.127406658864324,8.41087463205712,11.895447054478767,11.644432468676243,23.429197013114752,0.0,24.004625439929875,0.0,0.11867816581938533,0.0,0.0,0.11867816581938533,0.0,0.9494253265550826,0.0,0.0,0.0,0.0,0.23735633163877065,0.11867816581938533,animal
3.126270903608008,9.052920003199956,10.666261874402688,11.262443181220151,22.536046075107397,0.0,0.0,0.21942756833340896,0.1005709688194791,0.31999853715288806,0.10971378416670448,0.1737134915972821,0.036571261388901495,0.3108557218056627,0.5028548440973956,0.09142815347225373,0.4114266906251418,0.30171290645843735,0.3839982445834657,0.1737134915972821,animal
3.171150364561469,7.8603520436977075,10.739794474122611,12.983177426110677,0.0,0.0,0.0,0.22941573387056174,0.22941573387056174,0.4588314677411235,0.0,0.0,0.0,0.6882472016116852,0.0,0.0,0.0,0.0,0.0,0.4588314677411235,animal
3.0888710409629563,7.810259354073117,11.29308643179376,11.343193441495043,22.943661324388216,0.0,0.0,0.4962168435058351,0.3544406025041679,0.21266436150250076,0.2835524820033343,0.14177624100166716,0.14177624100166716,0.21266436150250076,0.07088812050083358,0.07088812050083358,0.21266436150250076,0.14177624100166716,0.14177624100166716,0.5671049640066687,animal
3.1851309713213865,11.236073799532864,13.983384370220149,15.122837835807065,29.675952657337888,0.0,0.0,0.8944271909999159,0.0,0.0,0.0,0.0,0.0,0.0,0.0,0.0,0.4472135954999579,0.0,0.0,0.0,animal
2.9793874578820927,7.017326580998597,9.343307040542618,10.417137089890124,20.464318374354928,0.0,0.0,0.36380343755449945,0.36380343755449945,0.6063390625908325,0.12126781251816648,0.12126781251816648,0.12126781251816648,0.48507125007266594,0.0,0.12126781251816648,0.0,0.24253562503633297,0.0,0.12126781251816648,animal
3.0052238737118033,7.010834568238842,9.745572897910904,11.766476428648927,22.959760510627607,15.283224427474304,22.55361680046181,0.7071067811865475,0.35355339059327373,0.17677669529663687,0.17677669529663687,0.0,0.17677669529663687,0.17677669529663687,0.17677669529663687,0.17677669529663687,0.17677669529663687,0.17677669529663687,0.0,0.35355339059327373,animal
3.000171486719112,7.347520149529411,10.349564711914493,10.224553493810062,0.0,0.0,21.26725085209639,0.4500351603704096,0.0,0.2250175801852048,0.2250175801852048,0.2250175801852048,0.0,0.4500351603704096,0.1125087900926024,0.0,0.4500351603704096,0.1125087900926024,0.1125087900926024,0.4500351603704096,animal
2.787823139174805,6.719097966930354,8.967846276985751,9.989537693300681,0.0,0.0,0.0,0.19306557348958103,0.2895983602343715,0.48266393372395255,0.24133196686197628,0.07239959005859288,0.07239959005859288,0.16893237680338338,0.16893237680338338,0.38613114697916207,0.33786475360676677,0.16893237680338338,0.33786475360676677,0.33786475360676677,animal
3.184702288315366,0.0,0.0,0.0,0.0,0.0,0.0,0.0,0.0,1.0,0.0,0.0,0.0,0.0,0.0,0.0,0.0,0.0,0.0,0.0,animal
3.0242180431440886,6.974272395931348,10.120781963789025,10.214584672153318,20.399654019258154,13.780952332643563,0.0,0.2170723815877265,0.2170723815877265,0.03617873026462108,0.5065022237046951,0.28942984211696865,0.47032349344007407,0.2170723815877265,0.14471492105848432,0.10853619079386324,0.2170723815877265,0.25325111185234755,0.14471492105848432,0.36178730264621084,animal
2.98278763155079,6.7031016061222575,9.602032379901718,10.158297863846162,20.042058567089832,0.0,20.930750892791423,0.45175395145262565,0.2710523708715754,0.36140316116210053,0.4969293465978882,0.1355261854357877,0.22587697572631282,0.045175395145262566,0.1355261854357877,0.0,0.18070158058105026,0.2710523708715754,0.36140316116210053,0.1355261854357877,animal
2.7789257639993616,7.86583748256978,9.85191094366057,9.170745476311062,18.780234133408833,13.478132370460502,0.0,0.5384049882656784,0.16566307331251642,0.28991037829690375,0.24849460996877465,0.372741914953162,0.24849460996877465,0.28991037829690375,0.08283153665625821,0.12424730498438732,0.24849460996877465,0.20707884164064555,0.12424730498438732,0.33132614662503285,animal
3.1171589571779017,8.767165666968381,11.135401392602244,11.582210064645967,23.454350307995362,15.999891664068974,22.962462234123873,0.2253744679276044,0.1690308509457033,0.0563436169819011,0.3380617018914066,0.3380617018914066,0.2817180849095055,0.2817180849095055,0.1690308509457033,0.0563436169819011,0.1126872339638022,0.563436169819011,0.1126872339638022,0.3944053188733077,animal
3.1770979113110074,9.347370957615892,13.144219064016138,13.008572306561224,0.0,0.0,26.17676276122753,0.4256282653793743,0.2553769592276246,0.17025130615174972,0.08512565307587486,0.0,0.08512565307587486,0.2553769592276246,0.0,0.0,0.2553769592276246,0.6810052246069989,0.34050261230349943,0.0,animal
2.952069755285581,6.876183922957143,9.799301196864372,10.935430500736343,21.669160379657267,14.390142991514592,21.34722892045846,0.3535533905932738,0.6678230711206282,0.23570226039551584,0.3535533905932738,0.039283710065919304,0.07856742013183861,0.31426968052735443,0.039283710065919304,0.039283710065919304,0.15713484026367722,0.27498597046143514,0.15713484026367722,0.11785113019775792,animal
2.9595472345651554,6.520913644605042,9.262181075502427,10.476049574948908,20.414986020634814,0.0,20.6255245928104,0.6121731929914168,0.6376804093660592,0.25507216374642366,0.05101443274928473,0.12753608187321183,0.10202886549856946,0.0765216491239271,0.17855051462249658,0.12753608187321183,0.12753608187321183,0.12753608187321183,0.17855051462249658,0.0765216491239271,animal
3.064639414177164,7.203164022813831,10.231983685215228,10.2037628488184,20.61115987104196,13.881573835435,0.0,0.5053628403969068,0.3032177042381441,0.3032177042381441,0.10107256807938136,0.16845428013230226,0.10107256807938136,0.20214513615876273,0.20214513615876273,0.5727445524498277,0.20214513615876273,0.06738171205292091,0.16845428013230226,0.16845428013230226,animal
2.858152631252939,6.467099774684348,8.994231322324788,9.80725713082703,0.0,0.0,19.483654515509777,0.43144869115087225,0.3505520615600837,0.3235865183631542,0.21572434557543613,0.26965543196929515,0.17527603078004186,0.33706928996161895,0.13482771598464757,0.22920711717390088,0.20224157397697137,0.1617932591815771,0.3235865183631542,0.2831382035677599,animal
2.8900980851880997,7.682063413497586,9.955158562805947,9.347772916823518,19.013524726112426,0.0,19.597263310148964,0.6123724356957946,0.6123724356957946,0.16329931618554522,0.16329931618554522,0.08164965809277261,0.040824829046386304,0.24494897427831783,0.0,0.08164965809277261,0.16329931618554522,0.2857738033247041,0.08164965809277261,0.08164965809277261,animal
3.1261619009677077,9.010839019184013,11.430132874989258,11.858929550642046,0.0,0.0,0.0,0.19274530403092788,0.3679683076954078,0.4906244102605437,0.38549060806185576,0.21026760439737588,0.21026760439737588,0.28035680586316786,0.1577007032980319,0.12265610256513593,0.29787910622961583,0.28035680586316786,0.21026760439737588,0.14017840293158393,animal
3.020028917723615,7.449622715266816,10.790054880051876,10.691321174170643,0.0,0.0,0.0,0.514855522851028,0.4633699705659252,0.128713880712757,0.0772283284276542,0.28317053756806543,0.257427761425514,0.128713880712757,0.1544566568553084,0.0772283284276542,0.2316849852829626,0.0772283284276542,0.2316849852829626,0.43762719442337383,animal
2.923937783561003,6.5807376105332605,9.391517679294825,10.464092090543271,0.0,0.0,20.44196780808403,0.4377813040633342,0.2918542027088895,0.2918542027088895,0.32103962297977845,0.08755626081266685,0.40859588379244527,0.1751125216253337,0.20429794189622263,0.4669667243342232,0.0,0.08755626081266685,0.08755626081266685,0.2334833621671116,animal
2.7487518936947297,7.053197940617752,9.443400859038524,9.829132956071247,20.104880197416133,0.0,19.47713466114727,0.533493565673837,0.49023733061920155,0.40372486050993067,0.18744368523675353,0.17302494021854173,0.15860619520032992,0.20186243025496534,0.08651247010927086,0.36046862545529523,0.10093121512748267,0.08651247010927086,0.07209372509105905,0.1441874501821181,animal
3.159084034970347,8.099284270844489,11.068763726401894,12.374326779008696,24.38003110052434,0.0,24.164269457561346,0.3790490217894517,0.7580980435789034,0.07580980435789034,0.3790490217894517,0.15161960871578067,0.07580980435789034,0.227429413073671,0.0,0.0,0.15161960871578067,0.07580980435789034,0.0,0.15161960871578067,animal
3.033643366617552,8.052270543931668,9.90125415270303,10.453356026930622,21.0777587230916,0.0,20.660299932702635,0.5760230254359425,0.6437904401931123,0.1694185368929243,0.27106965902867886,0.13553482951433943,0.20330224427150914,0.10165112213575457,0.03388370737858486,0.0,0.06776741475716971,0.1694185368929243,0.1694185368929243,0.13553482951433943,animal
3.152157504168109,9.423302974948712,14.066428704658145,12.909129529253635,0.0,0.0,0.0,0.5039032598602688,0.3359355065735126,0.11197850219117086,0.2799462554779272,0.05598925109558543,0.6718710131470252,0.05598925109558543,0.0,0.11197850219117086,0.11197850219117086,0.1679677532867563,0.05598925109558543,0.1679677532867563,animal
3.109377753705532,8.352845371641537,10.806439267033738,11.9269266755214,23.428174159225502,0.0,23.46134031580757,0.6111111111111112,0.3888888888888889,0.05555555555555555,0.5555555555555556,0.1111111111111111,0.2222222222222222,0.16666666666666666,0.05555555555555555,0.05555555555555555,0.05555555555555555,0.1111111111111111,0.05555555555555555,0.2222222222222222,animal
3.1758609785513783,11.526084788791918,12.971495157200613,13.427608343525321,26.685647163859944,20.72272479196996,26.940594872287992,0.21449799456256344,0.15321285325897388,0.12257028260717912,0.49028113042871646,0.06128514130358956,0.6741365543394852,0.24514056521435823,0.03064257065179478,0.03064257065179478,0.0,0.30642570651794776,0.03064257065179478,0.24514056521435823,animal
2.830144165502524,7.484787493319257,10.741358570162477,10.110546931811584,0.0,13.867111903515882,20.91091607966836,0.2831939972870542,0.3346838149756095,0.296066451709193,0.3475562693977483,0.19308681633208238,0.21883172517636004,0.46340835919699774,0.1415969986435271,0.06436227211069413,0.25744908844277653,0.30893890613133185,0.23170417959849887,0.2445766340206377,animal
3.1783003626285686,9.422082794664966,12.26042765881604,13.961995242727689,0.0,18.722951989564034,0.0,0.4235628880931985,0.16290880311276865,0.06516352124510746,0.5864716912059671,0.26065408498042986,0.26065408498042986,0.2280723243578761,0.03258176062255373,0.13032704249021493,0.29323584560298355,0.3258176062255373,0.09774528186766118,0.19549056373532236,animal
3.1775436248083646,8.740532719652032,11.691991543456115,13.213309888180179,0.0,0.0,0.0,0.49130368444051753,0.42111744380615784,0.49130368444051753,0.07018624063435965,0.1403724812687193,0.21055872190307892,0.1403724812687193,0.07018624063435965,0.42111744380615784,0.21055872190307892,0.1403724812687193,0.0,0.07018624063435965,animal
3.154601229093029,8.301877785241102,11.38000050003123,12.09016618204947,0.0,0.0,23.96433587444067,0.26610007244439693,0.4941858488253086,0.1520571842539411,0.19007148031742638,0.3041143685078822,0.11404288819045583,0.41815725669833803,0.19007148031742638,0.22808577638091165,0.038014296063485276,0.3041143685078822,0.3041143685078822,0.26610007244439693,animal
3.021453554048194,7.8090606780220275,10.929981285555867,10.893967111173291,0.0,0.0,0.0,0.43213924806124854,0.4227449165816562,0.05636598887755415,0.37577325918369436,0.28182994438777076,0.49789956841839506,0.12212630923470068,0.16909796663266247,0.10333764627551595,0.17849229811225484,0.06576032035714652,0.23485828698980898,0.13152064071429304,animal
3.1285643388313846,7.236789872362712,10.005233437734708,11.524675623366003,22.57166667091991,0.0,0.0,0.7627700713964739,0.38138503569823695,0.09534625892455924,0.19069251784911848,0.0,0.28603877677367767,0.0,0.19069251784911848,0.19069251784911848,0.19069251784911848,0.0,0.19069251784911848,0.0,animal
1.9114229969467806,4.956890533576434,6.090496089940658,6.432642614692013,0.0,9.065135141167918,0.0,0.13429295209341927,0.4604329786060089,0.5755412232575111,0.17266236697725335,0.11510824465150223,0.23021648930300445,0.11510824465150223,0.17266236697725335,0.23021648930300445,0.23021648930300445,0.17266236697725335,0.21103178186108743,0.3453247339545067,animal
2.856725364922758,7.452890265941111,9.406519128149672,9.90112131772079,20.082074935855616,13.688184590420827,0.0,0.38868105353025706,0.4151820344527746,0.32684543137771616,0.12367124430508179,0.2296751679951519,0.15900588553510514,0.29151079014769277,0.23850882830265774,0.29151079014769277,0.29151079014769277,0.19434052676512853,0.30917811076270446,0.17667320615011683,animal
3.0126653326894823,8.624728280115903,11.037895570343617,10.845418291880554,0.0,15.173408824755635,22.106939653420177,0.08167991551759952,0.19058646954106556,0.13613319252933254,0.13613319252933254,0.5989860471290631,0.05445327701173301,0.2722663850586651,0.4356262160938641,0.05445327701173301,0.21781310804693205,0.3267196620703981,0.29949302356453156,0.21781310804693205,animal
2.9138832809200954,7.230342698058597,9.773285939685076,10.165859994643847,20.194684241602335,13.963386612154855,20.44641366616849,0.31622776601683794,0.0,0.0,0.31622776601683794,0.0,0.6324555320336759,0.0,0.0,0.6324555320336759,0.0,0.0,0.0,0.0,animal
2.5989068624488914,5.81706572711969,8.230800236238052,8.514421242583039,16.991527209896276,13.21737535460859,17.096017344430717,0.16979054399120355,0.16979054399120355,0.6791621759648142,0.3395810879824071,0.0,0.08489527199560178,0.12734290799340264,0.12734290799340264,0.16979054399120355,0.2546858159868053,0.3395810879824071,0.2971334519846062,0.16979054399120355,animal
2.7764168655072266,5.898565229620232,9.461411526013647,10.175768360760864,20.000474397672093,13.641355835908424,20.77254927222628,0.2610963010168841,0.1989305150604831,0.385427872929686,0.14919788629536232,0.13676472910408213,0.03729947157384058,0.323262086973285,0.24866314382560387,0.447593658886087,0.3729947157384058,0.29839577259072464,0.21136367225176328,0.24866314382560387,animal
2.92632504025824,7.557714194281292,9.758505387105041,11.475956628198508,23.484485421344047,0.0,0.0,0.16012815380508713,0.32025630761017426,0.0,0.32025630761017426,0.0,0.8006407690254357,0.0,0.32025630761017426,0.0,0.0,0.0,0.16012815380508713,0.0,animal
3.108790612831717,8.788063499548636,12.663200881993827,11.298295429152613,0.0,0.0,23.44263300008615,0.4469660374430696,0.6233999995916497,0.047049056572954696,0.16467169800534145,0.17643396214858012,0.2234830187215348,0.08233584900267073,0.15290943386210276,0.4469660374430696,0.1411471697188641,0.15290943386210276,0.12938490557562543,0.10586037728914807,animal
1.8188289175017605,3.68421826780302,6.47418099323847,6.596317484498979,13.131871846827185,8.439449764127904,0.0,0.4364357804719848,0.1091089451179962,0.0,0.3273268353539886,0.0,0.0,0.0,0.1091089451179962,0.2182178902359924,0.6546536707079772,0.0,0.4364357804719848,0.1091089451179962,animal
2.5171571014120455,5.874387850304843,7.50926257679558,7.390116687710461,14.851112461456493,10.3287196313773,0.0,0.30065841120113157,0.5261522196019802,0.15032920560056579,0.0,0.15032920560056579,0.0,0.5261522196019802,0.22549380840084865,0.37582301400141443,0.30065841120113157,0.07516460280028289,0.15032920560056579,0.0,animal
3.01700550593923,7.393914995449739,11.564369941325733,12.194469817682704,24.085412170611335,15.930348117259456,24.717229759062477,0.0,0.35603449745815596,0.23735633163877065,0.8307471607356973,0.0,0.23735633163877065,0.0,0.11867816581938533,0.11867816581938533,0.11867816581938533,0.0,0.11867816581938533,0.11867816581938533,animal
2.485560951452788,5.521483876805003,7.69215334561812,8.192646670964821,16.152180245076117,11.096597640569737,16.69501041553376,0.2222222222222222,0.3333333333333333,0.2222222222222222,0.1111111111111111,0.1111111111111111,0.0,0.4444444444444444,0.2222222222222222,0.5555555555555556,0.2222222222222222,0.3333333333333333,0.0,0.2222222222222222,animal
2.9978252231003215,6.971155523725475,9.866670961529804,10.967259446039263,0.0,0.0,21.438297617113445,0.6516437528303969,0.5068340299791976,0.32582187641519844,0.03620243071279983,0.03620243071279983,0.1448097228511993,0.18101215356399913,0.03620243071279983,0.18101215356399913,0.21721458427679896,0.1448097228511993,0.1448097228511993,0.18101215356399913,animal
3.0861920992823766,7.372773644011238,10.475890763800397,10.89928267944536,0.0,0.0,0.0,0.34866780112363954,0.5852638090289664,0.32376295818623674,0.1867863220305212,0.1992387434992226,0.17433390056181977,0.2739532723114311,0.14942905762441694,0.23659600790532684,0.211691164967924,0.16188147909311837,0.24904842937402824,0.1992387434992226,animal
3.1402272065645036,7.522544477951991,10.410200654339844,11.661736392756572,22.88030681645338,0.0,22.820269650761606,0.4588314677411235,0.6882472016116852,0.0,0.0,0.0,0.0,0.4588314677411235,0.0,0.0,0.0,0.22941573387056174,0.22941573387056174,0.0,animal
2.43227930224631,4.877974019172472,9.587590401699014,9.664866098337724,19.29120621654976,12.117263138741375,0.0,0.07216878364870323,0.0,0.5051814855409226,0.0,0.21650635094610968,0.0,0.07216878364870323,0.07216878364870323,0.07216878364870323,0.5051814855409226,0.0,0.649519052838329,0.0,animal
1.434958397221063,2.870423513773915,4.409385610388884,4.409975146509644,8.81965552505793,5.845201983234147,0.0,0.7071067811865475,0.7071067811865475,0.0,0.0,0.0,0.0,0.0,0.0,0.0,0.0,0.0,0.0,0.0,animal
3.0485313185070817,7.743423863543617,12.477509999324955,10.907485430792672,23.264337376377483,0.0,0.0,0.2271847336988259,0.11359236684941296,0.17038855027411945,0.3975732839729454,0.11359236684941296,0.11359236684941296,0.3407771005482389,0.5679618342470648,0.05679618342470648,0.17038855027411945,0.11359236684941296,0.3975732839729454,0.2839809171235324,animal
0.0,0.0,0.0,0.0,0.0,0.0,0.0,0.8340576562282991,0.20851441405707477,0.0,0.41702882811414954,0.0,0.0,0.0,0.0,0.0,0.20851441405707477,0.0,0.20851441405707477,0.0,animal
2.2020543641669557,4.492504666192782,8.426536820131941,7.830647282700318,15.99147250418974,10.129122863096812,16.38938224259687,0.6,0.2,0.6,0.2,0.0,0.0,0.2,0.2,0.2,0.2,0.0,0.0,0.2,animal
2.9022296358885167,7.309031019600067,9.755402035339886,9.949632391166825,19.90838584236944,0.0,0.0,0.49374193110101877,0.3526728079292991,0.49374193110101877,0.07053456158585983,0.14106912317171966,0.07053456158585983,0.21160368475757949,0.21160368475757949,0.3526728079292991,0.2821382463434393,0.21160368475757949,0.0,0.14106912317171966,animal
2.8809353029912033,7.211653300790208,9.980851860868478,9.760306488065792,20.26325871787051,0.0,19.64302201077558,0.09352195295828244,0.09352195295828244,0.5299577334302672,0.1558699215971374,0.34291382751370225,0.06234796863885496,0.3740878118331298,0.3117398431942748,0.12469593727770992,0.1870439059165649,0.4364357804719847,0.24939187455541983,0.12469593727770992,animal
2.1481518253940086,5.202713070782013,7.243442678840679,7.671942903697715,0.0,0.0,0.0,0.12438671783232151,0.035539062237806146,0.14215624895122458,0.2665429667835461,0.10661718671341844,0.05330859335670922,0.3020820290213522,0.10661718671341844,0.05330859335670922,0.5153164024481891,0.35539062237806146,0.46200780909147987,0.4086992157347707,animal
3.1299542981166755,7.702816849472693,10.32230470492813,12.123054283226377,23.359536097822694,0.0,0.0,0.2838861055681813,0.30572349830419526,0.19653653462412551,0.41491046198426496,0.30572349830419526,0.30572349830419526,0.3712356765122371,0.04367478547202789,0.10918696368006973,0.19653653462412551,0.3275608910402092,0.15286174915209763,0.3275608910402092,animal
2.3745600762951837,5.560660972443208,8.274940685842394,8.57012961410747,18.02823861254828,0.0,0.0,0.3133237952201197,0.16785203315363556,0.4811758283737552,0.13428162652290843,0.22380271087151407,0.21261257532793837,0.38046460848157393,0.16785203315363556,0.26856325304581685,0.24618298195866548,0.3357040663072711,0.23499284641508977,0.23499284641508977,animal
2.6903291775178486,7.20675722211777,9.090946616110545,9.691556589901607,0.0,13.66844158525287,0.0,0.3122880233435306,0.05855400437691199,0.4098780306383839,0.3122880233435306,0.09759000729485331,0.11710800875382398,0.3122880233435306,0.03903600291794133,0.5465040408511785,0.21469801604867728,0.3122880233435306,0.17566201313073596,0.19518001458970663,animal
2.499420517672334,5.805344467395968,6.9319677153736246,6.949370705251731,13.952490791225863,9.852387908076619,0.0,0.09125605871880065,0.0651828990848576,0.4432437137770317,0.24769501652245887,0.11732921835274368,0.1303657981697152,0.4562802935940032,0.3389510752412595,0.1955486972545728,0.40413397432611714,0.28680475597337346,0.2737681761564019,0.1303657981697152,animal
1.972704076518022,4.17379679221737,5.387425180993398,5.399213802727425,10.793467627274488,7.487093556657118,11.976126680015094,0.5499719409228703,0.3928371006591931,0.3928371006591931,0.15713484026367722,0.0,0.0,0.15713484026367722,0.07856742013183861,0.23570226039551584,0.3928371006591931,0.15713484026367722,0.31426968052735443,0.0,animal
2.2856942541047727,5.120321759928923,8.174915664913794,8.17385414675783,16.38127160147833,0.0,16.773452110021733,0.07420299106376227,0.07420299106376227,0.32154629460963646,0.33803584817936144,0.156650758912387,0.16489553569724946,0.28856718747018656,0.11542687498807463,0.10718209820321216,0.30505674103991154,0.5688895981555107,0.37101495531881135,0.23909852676101173,animal
3.1724597590169954,7.693277711498615,10.576430798707733,13.509369428358974,25.627314725306277,18.272728545888288,25.819428315620566,0.3434014098717226,0.4807619738204116,0.13736056394868904,0.06868028197434452,0.0,0.0,0.20604084592303354,0.13736056394868904,0.13736056394868904,0.20604084592303354,0.4807619738204116,0.20604084592303354,0.4807619738204116,animal
2.5073384147729967,5.819986677129815,7.199517180029022,7.514985958130485,14.88335618330976,10.74834060803481,15.52312414342003,0.08873565094161139,0.26620695282483414,0.08873565094161139,0.08873565094161139,0.17747130188322277,0.0,0.35494260376644554,0.0,0.6211495565912797,0.08873565094161139,0.26620695282483414,0.0,0.5324139056496683,animal
3.1184264638504327,7.241328891987345,10.14462475060526,11.24941792628063,22.47081045709445,0.0,21.96677151978786,0.5163977794943223,0.17213259316477408,0.47336463120312877,0.43033148291193524,0.08606629658238704,0.08606629658238704,0.21516574145596762,0.04303314829119352,0.04303314829119352,0.30123203803835463,0.21516574145596762,0.21516574145596762,0.21516574145596762,animal
2.9445466710890686,6.240800290420946,10.465119240261544,9.946735117010395,20.264467851594116,0.0,0.0,0.10735273561459706,0.026838183903649265,0.5636018619766345,0.3757345746510897,0.08051455171094779,0.07156849040973137,0.3310042681450076,0.16102910342189558,0.2057594099279777,0.31311214554257477,0.29522002294014194,0.33995032944622405,0.19681334862676128,animal
1.9978517431822878,4.289942791716651,5.604687362244028,5.808091649516279,11.523694935640467,8.035655320665073,0.0,0.10128836627839193,0.15193254941758788,0.6077301976703515,0.20257673255678385,0.06752557751892795,0.15193254941758788,0.2363395213162478,0.2869837044554438,0.10128836627839193,0.4726790426324956,0.2869837044554438,0.2532209156959798,0.10128836627839193,animal
2.4247258902854942,5.870811524745254,7.851618333986598,8.212680181673774,16.276081521363444,0.0,0.0,0.13491508528604745,0.19273583612292494,0.44329242308272737,0.25055658695980243,0.25055658695980243,0.17346225251063244,0.36619808863355735,0.15418866889833996,0.15418866889833996,0.3469245050212649,0.3469245050212649,0.25055658695980243,0.3276509214089724,animal
2.8035048615451017,6.084736851323729,9.722918751905722,9.911786351857655,19.843884383369094,12.969913753439517,0.0,0.2920097007233897,0.1898063054702033,0.3066101857595592,0.3066101857595592,0.20440679050637278,0.16060533539786434,0.3212106707957287,0.13140436532552538,0.08760291021701691,0.35041164086806764,0.3066101857595592,0.35041164086806764,0.3942130959765761,animal
2.561699641763784,5.164954108807454,7.279138952418097,7.294411906252484,14.58118794877531,9.877185521459195,17.35576814086515,0.7733891912365308,0.09667364890456635,0.1933472978091327,0.0,0.1933472978091327,0.0,0.0,0.0,0.0,0.4833682445228318,0.0,0.29002094671369905,0.0,animal
3.1149842737502444,7.773824953695075,11.21935386471906,11.70611013968486,23.430332000666855,15.616638678457758,23.24627148855532,0.0,0.4082482904638631,0.0,0.8164965809277261,0.0,0.0,0.0,0.0,0.4082482904638631,0.0,0.0,0.0,0.0,animal
2.7268388472164706,6.244198544737321,9.931934200110028,10.098437315799513,20.354582130799542,0.0,0.0,0.11553168717769569,0.1848506994843131,0.34659506153308706,0.5314457610174002,0.13863802461323482,0.13863802461323482,0.20795703691985223,0.1848506994843131,0.09242534974215655,0.3234887240975479,0.4852330861463219,0.27727604922646965,0.09242534974215655,animal
2.8039853580861336,6.057612992744347,8.3987602878579,8.40391350957146,16.84390331563584,11.436711082358372,0.0,0.1068616093295851,0.08743222581511509,0.4274464373183404,0.3885876702894004,0.04857345878617505,0.2234379104164052,0.25258198568811024,0.16514975987299516,0.24286729393087522,0.3983023620466354,0.4177317455611054,0.2720113692025803,0.1942938351447002,animal
-0.21632596527045492,-0.04457097109156189,-0.45631623129918314,0.6443582730388615,0.0,0.0,0.0,0.14838076831431016,0.11540726424446345,0.44514230494293044,0.21432777645400355,0.11540726424446345,0.01648675203492335,0.31324828866354365,0.280274784593697,0.1318940162793868,0.3627085447683137,0.3462217927333904,0.47811580901277717,0.18135427238415686,animal
2.806218091568932,5.847245694710441,10.35302240335803,12.577872582901549,0.0,0.0,0.0,0.29462975937597374,0.12809989538085817,0.20495983260937306,0.24338980122363052,0.19214984307128724,0.038429968614257445,0.345869717528317,0.2305798116855447,0.10247991630468653,0.30743974891405956,0.4611596233710894,0.35867970706640284,0.37148969660448866,animal
2.8707618649597957,6.6634281201169925,9.173081937822806,8.350987186694184,17.242073366175063,11.73144740755848,0.0,0.1611386522099881,0.014648968382726191,0.3515752411854286,0.20508555735816666,0.27833039927179765,0.058595873530904764,0.1904365889754405,0.27833039927179765,0.043946905148178575,0.5127138933954167,0.36622420956815477,0.4394690514817857,0.1464896838272619,animal
3.004406685407297,7.227104415070376,9.830302511848863,10.94769292720243,0.0,0.0,0.0,0.2881074346656586,0.13297266215338088,0.37675587610124583,0.2881074346656586,0.26594532430676177,0.24378321394786492,0.2216211035889681,0.37675587610124583,0.13297266215338088,0.19945899323007132,0.4432422071779362,0.24378321394786492,0.19945899323007132,animal
2.993595944225994,6.839897292409426,9.673181146519196,10.479929929122369,20.571767267662004,14.597455673381436,0.0,0.19245008972987526,0.6735753140545634,0.0,0.09622504486493763,0.4811252243246881,0.09622504486493763,0.0,0.3849001794597505,0.0,0.09622504486493763,0.09622504486493763,0.09622504486493763,0.28867513459481287,animal
2.6201684569411294,5.715069908843903,9.048581299947394,9.24585941248104,0.0,13.428883915118,18.785091034071694,0.10149103006940739,0.10149103006940739,0.28755791852998763,0.27064274685175305,0.10149103006940739,0.15223654510411108,0.35521860524292587,0.20298206013881478,0.03383034335646913,0.389048948599395,0.42287929195586416,0.4567096353123333,0.28755791852998763,animal
2.6224973860724123,5.8823171988994165,8.092902572770022,7.76844516806792,15.71673896431396,10.711609548351806,0.0,0.13871673703231474,0.1213771449032754,0.1560563291613541,0.2427542898065508,0.26009388193559013,0.06935836851615737,0.5028481717421409,0.1560563291613541,0.034679184258078685,0.36413143470982623,0.4855085796131016,0.20807510554847214,0.3467918425807869,animal
2.486890733112017,5.31979981126705,7.961681583631758,8.21026317058335,16.303045403726202,10.872355751190765,0.0,0.20927718808618906,0.19025198916926278,0.342453580504673,0.30440318267082045,0.19025198916926278,0.2568401853785047,0.3234283815877467,0.2568401853785047,0.2568401853785047,0.3234283815877467,0.4375795750893044,0.15220159133541022,0.22830238700311534,animal
2.729005246829289,8.079849930084691,8.684353970636579,8.649984305791486,17.317364495062122,0.0,18.823442353434167,0.18981259984112425,0.265737639777574,0.44289606629595657,0.4049335463277317,0.12654173322741616,0.32900850639128204,0.2783918131003156,0.1518500798728994,0.2530834664548323,0.24042929313209072,0.2530834664548323,0.265737639777574,0.2277751198093491,animal
3.1741800936606923,8.1120340413991,11.079400946522052,12.855379854312773,0.0,0.0,0.0,0.8512565307587486,0.4256282653793743,0.0,0.17025130615174972,0.08512565307587486,0.0,0.08512565307587486,0.0,0.0,0.08512565307587486,0.08512565307587486,0.08512565307587486,0.17025130615174972,animal
3.1407767373827666,8.15328557375557,11.473494564981435,11.595941666160405,0.0,0.0,23.49215135369626,0.2182178902359924,0.2182178902359924,0.4364357804719848,0.0,0.0,0.0,0.0,0.2182178902359924,0.0,0.2182178902359924,0.0,0.4364357804719848,0.6546536707079772,animal
3.0066090027759937,6.671584719950733,9.73855137282752,10.54386747289084,0.0,14.70554376305246,0.0,0.0,0.20823168251814142,0.8849846507021011,0.0,0.0,0.0,0.10411584125907071,0.0,0.3644054444067475,0.0,0.052057920629535355,0.15617376188860607,0.052057920629535355,animal
3.1834396399418026,9.28766690104953,12.509066617650449,14.999405281875562,0.0,0.0,0.0,0.0,0.5773502691896258,0.0,0.43301270189221935,0.14433756729740646,0.43301270189221935,0.14433756729740646,0.14433756729740646,0.0,0.14433756729740646,0.43301270189221935,0.14433756729740646,0.0,animal
2.325598533510464,5.736522828852632,7.699783048486738,9.024219722286036,0.0,0.0,0.0,0.0,0.0,0.7071067811865475,0.7071067811865475,0.0,0.0,0.0,0.0,0.0,0.0,0.0,0.0,0.0,animal
3.1161045750945133,9.974692772470847,10.91484286767729,11.503588765392983,22.824819411267487,0.0,0.0,0.48089851663073835,0.26716584257263243,0.4007487638589486,0.1870160898008427,0.4007487638589486,0.10686633702905296,0.3205990110871589,0.08014975277178972,0.24044925831536917,0.24044925831536917,0.1870160898008427,0.1870160898008427,0.1870160898008427,animal
2.8684546227301735,6.9598230113523964,9.108874208428043,9.828792202085415,19.579620468087032,13.600202682046898,19.36682952535064,0.46188021535170054,0.46188021535170054,0.23094010767585027,0.11547005383792514,0.0,0.0,0.11547005383792514,0.0,0.23094010767585027,0.23094010767585027,0.23094010767585027,0.0,0.5773502691896257,animal
2.6327205408438976,6.105055771756208,7.89981773624698,8.427693170592603,16.898923379808938,12.075259432134335,0.0,0.6708203932499369,0.2795084971874737,0.11180339887498948,0.0,0.22360679774997896,0.0,0.22360679774997896,0.16770509831248423,0.11180339887498948,0.3913118960624632,0.05590169943749474,0.22360679774997896,0.33541019662496846,animal
3.1739235370192094,9.956759657884406,11.855373196338844,12.73417554501053,0.0,0.0,25.028951556561758,0.12803687993289598,0.8962581595302719,0.0,0.0,0.0,0.0,0.12803687993289598,0.12803687993289598,0.0,0.0,0.3841106397986879,0.0,0.0,animal
3.1218457026559756,8.046507359427098,10.51982443767179,11.044642964831086,0.0,0.0,21.83190016581889,0.0,0.6,0.0,0.2,0.0,0.6,0.0,0.2,0.0,0.4,0.2,0.0,0.0,animal
2.699273337203837,5.4786315830682994,8.821706719107182,8.99530113997141,17.903848951247156,11.734621474939795,0.0,0.7184212081070996,0.1796053020267749,0.0,0.08980265101338746,0.0,0.3592106040535498,0.0,0.08980265101338746,0.5388159060803247,0.08980265101338746,0.0,0.08980265101338746,0.0,animal
2.6859963251455468,6.251680324532948,8.607115575850125,9.320247686267807,18.395837585448476,0.0,18.481431790309593,0.283372168476789,0.2644806905783364,0.1511318231876208,0.2644806905783364,0.377829557969052,0.17002330108607341,0.3967210358675046,0.2078062568829786,0.1322403452891682,0.188914778984526,0.1511318231876208,0.17002330108607341,0.5289613811566728,animal
3.012454119708071,7.3375452583276095,10.064715387936225,10.59546351014534,21.03330070922027,14.373520714398921,21.129376769810655,0.1963522774695264,0.3436164855716712,0.0490880693673816,0.3436164855716712,0.5399687630411976,0.3436164855716712,0.0490880693673816,0.3927045549390528,0.0981761387347632,0.1963522774695264,0.245440346836908,0.1963522774695264,0.0981761387347632,animal
2.9943529771510593,6.578166967486835,9.933260528165945,10.421822753091813,0.0,0.0,0.0,0.25680509338646856,0.3668644191235265,0.03668644191235265,0.03668644191235265,0.25680509338646856,0.25680509338646856,0.25680509338646856,0.33017797721117387,0.5502966286852897,0.25680509338646856,0.1467457676494106,0.25680509338646856,0.18343220956176326,animal
2.912308701185257,6.259338417401701,9.443541278038698,10.052900501808029,19.89433963871669,0.0,0.0,0.2508726030021272,0.7944299095067362,0.08362420100070908,0.0,0.04181210050035454,0.16724840200141816,0.08362420100070908,0.2508726030021272,0.29268470350248177,0.2508726030021272,0.0,0.2090605025017727,0.08362420100070908,animal
3.1553985961223674,8.255614091623347,11.295604640696572,11.849985251948516,0.0,0.0,23.637004864654845,0.6350006350009525,0.508000508000762,0.254000254000381,0.1270001270001905,0.254000254000381,0.0,0.254000254000381,0.0,0.0,0.254000254000381,0.0,0.254000254000381,0.0,animal
3.1269620520944437,7.954894325251479,11.264930119384179,11.740058720900125,23.258914418129606,15.718565708369745,0.0,0.4714045207910317,0.7071067811865476,0.0,0.0,0.0,0.07856742013183861,0.31426968052735443,0.15713484026367722,0.23570226039551584,0.07856742013183861,0.07856742013183861,0.23570226039551584,0.15713484026367722,animal
2.368000901526802,5.477834262347488,8.287413024869815,7.906740885801341,0.0,10.65650869317635,0.0,0.3161058351212248,0.28098296455219984,0.39513229390153104,0.17561435284512492,0.22829865869866237,0.16683363520286865,0.14927219991835616,0.30732511747896857,0.14049148227609992,0.37757085861701856,0.24586009398317488,0.4126937291860435,0.21073722341414988,animal
3.11535940023408,7.15559383140221,11.378213200509114,12.240002503396166,0.0,0.0,0.0,0.27561315572218764,0.4593552595369794,0.317372724771004,0.5595782252541386,0.07516722428786936,0.3758361214393468,0.1336306209562122,0.158686362385502,0.11692679333668567,0.11692679333668567,0.2255016728636081,0.15033444857573872,0.09187105190739589,animal
3.007105815141091,7.3493112072319215,9.536574723086703,10.660367319748113,0.0,0.0,0.0,0.30932635258996866,0.44542994772955485,0.2722071902791724,0.3216994066935674,0.09898443282878996,0.2969532984863699,0.23508802796837616,0.34644551490076486,0.23508802796837616,0.2722071902791724,0.17322275745038243,0.24746108207197492,0.1855958115539812,animal
2.5666472398920166,5.5115604614822,8.88097953001811,8.961232438509612,17.882929640857334,0.0,19.165137267784925,0.4877686086797539,0.3861501485381385,0.4877686086797539,0.040647384056646155,0.0,0.06097107608496924,0.06097107608496924,0.32517907245316924,0.30485538042484617,0.2845316883965231,0.040647384056646155,0.2845316883965231,0.06097107608496924,animal
3.119642864972817,6.886501916539218,10.879345526913934,12.687465241811156,25.336206467925535,16.36129991369177,0.0,0.6846531968814576,0.5477225575051661,0.0,0.0,0.27386127875258304,0.04564354645876384,0.09128709291752768,0.0,0.18257418583505536,0.0,0.09128709291752768,0.04564354645876384,0.3195048252113469,animal
3.0124072408480607,7.295919140127045,9.756795313900685,10.814560130567498,0.0,0.0,21.338868549439017,0.29668090586048923,0.7417022646512231,0.1977872705736595,0.09889363528682975,0.24723408821707438,0.09889363528682975,0.049446817643414874,0.1977872705736595,0.24723408821707438,0.1977872705736595,0.14834045293024462,0.1977872705736595,0.1977872705736595,animal
3.025699875591502,6.830723256694432,9.662260796893573,10.550589157602078,20.961100916571596,0.0,20.718474062579407,0.34692120593484443,0.5550739294957511,0.16652217884872533,0.29141381298526936,0.20815272356090667,0.29141381298526936,0.11101478589915022,0.1803990270861191,0.11101478589915022,0.249783268273088,0.33304435769745067,0.30529066122266313,0.08326108942436267,animal
2.8926627783357377,6.672426899019563,9.161557259939645,10.166844488547797,20.066192892573113,14.6351905269667,0.0,0.28272493495026424,0.47120822491710707,0.3180655518190473,0.28272493495026424,0.17670308434391516,0.18848328996684283,0.22382390683562586,0.3534061686878303,0.14136246747513212,0.22382390683562586,0.27094472932733654,0.29450514057319194,0.2120437012126982,animal
3.0672357495175584,8.276800945646954,11.508901313197,11.054264324257101,22.33685986135427,15.369394782677501,0.0,0.5448831539818297,0.6470487453534228,0.10216559137159308,0.06811039424772872,0.23838637986705052,0.15324838705738963,0.15324838705738963,0.1702759856193218,0.05108279568579654,0.23838637986705052,0.22135878130511835,0.15324838705738963,0.06811039424772872,animal
2.8693353523815888,8.895678902613154,9.433450861750071,9.677998972473395,0.0,0.0,19.279467820251206,0.17184994503786144,0.5441914926198945,0.2864165750631024,0.05728331501262048,0.25777491755679216,0.0,0.25777491755679216,0.3150582325694126,0.17184994503786144,0.37234154758203314,0.08592497251893072,0.2864165750631024,0.3150582325694126,animal
2.5677598109898416,6.6597284315423995,9.195454481372316,8.95174481384005,0.0,12.335781837764502,0.0,0.7425541213708018,0.5283558171292243,0.12851898254494645,0.014279886949438495,0.12851898254494645,0.014279886949438495,0.17135864339326193,0.09995920864606947,0.14279886949438494,0.17135864339326193,0.04283966084831548,0.15707875644382344,0.14279886949438494,animal
2.8255518269877697,6.780101460872224,8.89465868815546,9.188885177917578,18.74571058359907,0.0,0.0,0.3849486769310524,0.5315957919524057,0.09165444688834581,0.05499266813300749,0.12831622564368414,0.036661778755338326,0.4399413450640599,0.09165444688834581,0.05499266813300749,0.32995600879804493,0.09165444688834581,0.32995600879804493,0.32995600879804493,animal
2.9081652036376933,7.256296551198545,9.782188510294384,10.528477885020537,0.0,0.0,21.817184758485684,0.5270158107114856,0.3230096904360718,0.22100663029836493,0.15300459020656032,0.28900867039016953,0.11900357016065803,0.15300459020656032,0.3230096904360718,0.22100663029836493,0.27200816036721837,0.22100663029836493,0.28900867039016953,0.2550076503442672,animal
3.1779670305547936,8.178307083325683,11.225199354929453,12.967335337898144,25.70957986494664,17.087836442316974,25.07498236133689,0.2093695690360855,0.6804510993672779,0.10468478451804275,0.15702717677706413,0.4710815303311924,0.31405435355412825,0.2093695690360855,0.10468478451804275,0.0,0.0,0.10468478451804275,0.052342392259021375,0.2617119612951069,animal
3.1751615456899196,10.111642838745324,13.83659642841824,13.055548725600985,26.538145623314772,0.0,26.906713631666126,0.03806934938134405,0.45683219257612856,0.0,0.4949015419574726,0.4949015419574726,0.4949015419574726,0.1522773975253762,0.0,0.03806934938134405,0.03806934938134405,0.1522773975253762,0.0,0.0761386987626881,animal
3.02374105832948,7.4424014922486155,10.34488466962485,11.497119606614257,22.418765647546564,0.0,23.682410613292014,0.2539166875385041,0.435285750066007,0.18136906252750293,0.2357797812857538,0.36273812505500586,0.36273812505500586,0.308327406296755,0.29019050004400465,0.14509525002200233,0.2539166875385041,0.16323215627475263,0.2176428750330035,0.2357797812857538,animal
3.104992276945381,8.71795016449892,10.44173317404685,11.249566056346595,22.22768673891568,16.023341128041412,22.265410968126595,0.5028948456749698,0.46697378526961475,0.14368424162141993,0.07184212081070997,0.46697378526961475,0.2155263624321299,0.2155263624321299,0.0,0.14368424162141993,0.2155263624321299,0.2155263624321299,0.2155263624321299,0.1796053020267749,animal
3.0802827877898604,7.243003488962872,10.212473676886558,11.851884672677187,23.01449223460023,0.0,23.056714680282475,0.397747564417433,0.2430679560328757,0.17677669529663687,0.17677669529663687,0.397747564417433,0.2430679560328757,0.2430679560328757,0.22097086912079608,0.35355339059327373,0.397747564417433,0.2651650429449553,0.13258252147247765,0.15467960838455727,animal
2.873816306373844,7.170888652928659,11.232847877529089,10.642721921842709,0.0,0.0,21.65081028595934,0.5668217625790973,0.29390758059656896,0.33589437782465026,0.16794718891232513,0.18894058752636578,0.3149009792106096,0.23092738475444707,0.14695379029828448,0.3568877764386909,0.18894058752636578,0.08397359445616256,0.18894058752636578,0.18894058752636578,animal
2.9938661964350524,7.390609414353731,10.870743939573929,11.22342173947181,22.899560870749575,14.944886303669502,0.0,0.4749952170861307,0.36416299976603356,0.2691639563488074,0.1266653912229682,0.15833173902871023,0.22166443464019434,0.3008303041545494,0.2058312607373233,0.28499713025167844,0.22166443464019434,0.17416491293158126,0.2533307824459364,0.3483298258631625,animal
2.9856890879004405,6.769236093962842,10.511004645088429,10.52523336546251,0.0,14.302639120920498,0.0,0.1915408522722293,0.1915408522722293,0.3032730160976964,0.143655639204172,0.3351964914764013,0.1915408522722293,0.41500517992316355,0.2234643276509342,0.31923475378704885,0.31923475378704885,0.20750258996158177,0.1915408522722293,0.39904344223381105,animal
2.8845355222208635,6.865986989889944,10.3251772233331,10.263897767490572,20.561918772003676,13.716723583526482,21.457543372048058,0.1583515888048841,0.41171413089269865,0.3800438131317218,0.1900219065658609,0.1900219065658609,0.3800438131317218,0.4433844486536755,0.12668127104390728,0.03167031776097682,0.25336254208781456,0.22169222432683774,0.28503285984879134,0.1900219065658609,animal
3.060412602383278,8.738608884477815,10.958647983782875,11.194619623779582,22.32513568063408,0.0,0.0,0.34622084159052785,0.5491778866608372,0.1671410959402548,0.35815949130054603,0.31040489246047326,0.35815949130054603,0.17907974565027301,0.11938649710018201,0.13132514681020022,0.11938649710018201,0.19101839536029122,0.14326379652021842,0.25071164391038225,animal
3.170302148825605,9.428845824998554,12.521864649547929,13.741673973827645,0.0,19.107540706544548,0.0,0.3285898965551035,0.3902005021591854,0.02053686853469397,0.47234797629796127,0.18483181681224573,0.6366429245755131,0.2053686853469397,0.0,0.02053686853469397,0.0,0.16429494827755176,0.02053686853469397,0.08214747413877588,animal
3.154026815673027,8.431818625367647,11.622712408233454,12.143058369380745,0.0,16.361004090109695,24.02792430124977,0.336698663797377,0.5050479956960655,0.0187054813220765,0.261876738509071,0.4676370330519125,0.3928151077636065,0.187054813220765,0.187054813220765,0.0561164439662295,0.0935274066103825,0.224465775864918,0.187054813220765,0.149643850576612,animal
3.1716602046877567,9.619598791942702,13.09102972657608,12.915406462440567,26.323855863133954,0.0,0.0,0.4451319072597258,0.38949041885226005,0.055641488407465724,0.3060281862410615,0.19474520942613002,0.6398771166858558,0.1391037210186643,0.0,0.08346223261119859,0.16692446522239718,0.19474520942613002,0.08346223261119859,0.08346223261119859,animal
3.0696241688936476,8.141657711674046,11.355438329675087,11.441721036276197,22.841761043560556,0.0,23.927182972735512,0.20995068601498731,0.33915110817805644,0.12920042216306912,0.4522014775707419,0.17765058047422005,0.5329517414226601,0.33915110817805644,0.0807502638519182,0.06460021108153456,0.20995068601498731,0.17765058047422005,0.20995068601498731,0.2422507915557546,animal
3.1130998778309187,8.084552661602395,10.973496053523434,12.563346552955181,0.0,0.0,24.341187107355427,0.1917241157671302,0.2795976688270648,0.10385056270719552,0.27160916400343443,0.4393677652996733,0.37545972671062994,0.39942524118152123,0.1278160771780868,0.11982757235445636,0.23965514470891272,0.3355172025924778,0.1917241157671302,0.263620659179804,animal
3.0050537006313003,8.15145755048937,11.987396744060636,11.401660034214336,23.11822422668622,15.667434273883124,0.0,0.31239010643132736,0.1441800491221511,0.39249013372141134,0.3844801309924029,0.36045012280537775,0.3364201146183526,0.31239010643132736,0.1762200600381847,0.19224006549620146,0.23229007914124344,0.24030008187025184,0.1682100573091763,0.1762200600381847,animal
3.083897177357685,8.607268095401603,11.086888786828142,11.051196285083348,22.149739163874617,15.369625285164215,0.0,0.39703333358837206,0.5086989586601017,0.11166562507172964,0.09925833339709302,0.2729604168420058,0.24814583349273256,0.31018229186591567,0.16129479177027614,0.18610937511954942,0.31018229186591567,0.16129479177027614,0.22333125014345928,0.31018229186591567,animal
3.092081487691303,7.630079495606812,10.939518266244079,11.230972029390532,0.0,0.0,22.325772431000633,0.39463616777740074,0.24924389543835837,0.20770324619863195,0.12462194771917919,0.18693292157876876,0.06231097385958959,0.29078454467808473,0.16616259695890556,0.10385162309931598,0.39463616777740074,0.20770324619863195,0.4361768170171271,0.4154064923972639,animal
3.050841121951138,7.1422327377215655,10.130020365865846,11.549962549141714,22.397632744771297,15.923074601846047,0.0,0.5547176130642125,0.348679642497505,0.2377361198846625,0.1426416719307975,0.2060379705667075,0.0792453732948875,0.2377361198846625,0.06339629863591,0.06339629863591,0.3645287171564825,0.25358519454364,0.2694342692026175,0.3328305678385275,animal
3.0865782174977725,7.740288472547079,10.54042921627236,10.635027242527718,0.0,0.0,0.0,0.4766272907862272,0.2824458019473939,0.14122290097369694,0.12357003835198482,0.17652862621712118,0.08826431310856059,0.33540438981253023,0.26479293932568176,0.08826431310856059,0.33540438981253023,0.33540438981253023,0.3883629776776666,0.22948721408225753,animal
3.0074959964078056,6.691141999155295,10.967275815425696,11.312335235544777,22.526071868116805,0.0,0.0,0.6855422754851299,0.29749947804071675,0.1422823590629515,0.16815187889257904,0.1810866388073928,0.15521711897776527,0.284564718125903,0.11641283923332395,0.24576043838146167,0.21989091855183412,0.25869519829627546,0.16815187889257904,0.19402139872220658,animal
2.8634979081052285,6.937073689883647,9.423773597316254,10.649907519618875,0.0,14.461487278421824,0.0,0.49233490163841215,0.43229405997519116,0.3122123766487492,0.10807351499379779,0.3362287133140376,0.1681143566570188,0.1681143566570188,0.2521715349855282,0.20413886165495138,0.10807351499379779,0.21614702998759558,0.22815519832023978,0.2761878716508166,animal
3.157106298662858,8.069031020349811,11.282339280034844,11.99922770656723,0.0,0.0,0.0,0.12817964067657414,0.3275701928401339,0.39878110432711955,0.14242182297397127,0.2706014636505454,0.28484364594794254,0.19939055216355978,0.3845389220297224,0.14242182297397127,0.28484364594794254,0.35605455743492814,0.34181237513753104,0.09969527608177989,animal
2.090287265538017,5.437540501892678,6.9749001448678305,7.539939688996413,14.95925541681604,0.0,0.0,0.07285359938389126,0.040474221879939584,0.14570719876778251,0.8418638151027433,0.040474221879939584,0.392599952235414,0.04452164406793355,0.040474221879939584,0.05261648844392146,0.11332782126383084,0.2671298644076013,0.12142266563981875,0.04452164406793355,animal
3.115536732481227,8.956495100286253,11.79782182185615,11.831040809959784,0.0,0.0,23.750988574299072,0.21550250586878125,0.36469654839332216,0.16577115836060097,0.21550250586878125,0.26523385337696154,0.18234827419666108,0.348119432557262,0.26523385337696154,0.06630846334424038,0.24865673754090145,0.21550250586878125,0.19892539003272117,0.5470448225899832,animal
3.1561775814287616,9.425515211551714,12.14687352363978,12.38128988496383,0.0,0.0,0.0,0.2502898551698172,0.11123993563102988,0.1668599034465448,0.2502898551698172,0.30590982298533215,0.3337198068930896,0.5005797103396344,0.11123993563102988,0.05561996781551494,0.2502898551698172,0.1946698873543023,0.3337198068930896,0.3893397747086046,animal
3.116467248772825,10.651746037744692,11.209373044347217,12.265423205844161,24.035622260703796,0.0,0.0,0.16507517274726077,0.15682141410989772,0.3053890695824324,0.3631653800439737,0.19809020729671292,0.4952255182417823,0.18158269002198685,0.20634396593407595,0.39618041459342584,0.24761275912089115,0.24761275912089115,0.24761275912089115,0.1485676554725347,animal
2.9560991256810323,6.972363222876689,9.7641116199981,11.159442171321658,21.84742047950219,15.257557467723135,21.715718512079942,0.5627748595326502,0.3439179697143973,0.06253053994807224,0.3126526997403612,0.06253053994807224,0.3751832396884334,0.21885688981825285,0.1875916198442167,0.1563263498701806,0.1875916198442167,0.25012215979228897,0.3126526997403612,0.12506107989614448,animal
2.6519568570675665,6.008134452810985,8.540049515345522,8.811873533502308,18.107113472551355,12.18028957965033,0.0,0.08948249794078403,0.20879249519516274,0.3728437414199335,0.1491374965679734,0.16405124622477074,0.20879249519516274,0.23861999450875743,0.3430162421063388,0.10439624759758137,0.46232623936071754,0.13422374691117606,0.5219812379879069,0.16405124622477074,animal
1.595916323774296,3.446563386924458,5.208922215229327,5.9710358642680434,11.839586378007544,7.803400239559308,11.631518072240956,0.38168501835598695,0.7209605902279753,0.33927557187198837,0.12722833945199566,0.0,0.16963778593599418,0.2544566789039913,0.08481889296799709,0.042409446483998546,0.16963778593599418,0.08481889296799709,0.2544566789039913,0.0,animal
2.8539214656343845,6.11499884337447,10.011899391323436,10.61335168323595,20.926018003735866,13.676419633017343,0.0,0.23957013724347612,0.46202812182670394,0.10267291596148977,0.23957013724347612,0.34224305320496584,0.2566822899037244,0.30801874788446926,0.17112152660248292,0.034224305320496584,0.30801874788446926,0.2566822899037244,0.34224305320496584,0.2737944425639727,animal
2.9920775228756757,6.3287376994340185,10.288072207449604,10.463742972217677,20.846740285719168,13.656390379404165,21.58624828286163,0.15249857033260467,0.8006174942461746,0.19062321291575585,0.038124642583151166,0.038124642583151166,0.3431217832483605,0.0,0.1143739277494535,0.19062321291575585,0.15249857033260467,0.30499714066520933,0.1143739277494535,0.0,animal
3.1413324438248496,8.790411760945865,12.896694179284097,11.75985950738566,24.198615500899038,0.0,0.0,0.24635882327405376,0.3630551079828161,0.19449380784793718,0.33712260026975777,0.32415634641322866,0.5445826619742241,0.12966253856529145,0.03889876156958744,0.11669628470876231,0.16856130013487888,0.40195386955240353,0.15559504627834975,0.09076377699570402,animal
2.903450943757333,7.887128114301668,9.443218807631697,10.572197113751518,21.81134505452299,14.711910916620667,0.0,0.43585502734650416,0.43585502734650416,0.13947360875088133,0.29638141859562284,0.22664461422018217,0.313815619689483,0.19177621203246184,0.13947360875088133,0.17434201093860166,0.313815619689483,0.17434201093860166,0.29638141859562284,0.24407881531404232,animal
2.7965256184371334,6.8772576841282875,10.241709060913735,11.518586144942509,23.429180228697714,15.094261165229591,22.400629386777926,0.17691705299143418,0.17691705299143418,0.26209933776508765,0.08518228477365349,0.3145192053181052,0.06552483444127191,0.3472816225387411,0.4586738410889034,0.17691705299143418,0.33417665565048676,0.17036456954730697,0.3472816225387411,0.3669390728711227,animal
3.103042292273528,7.775889699580647,10.707136667176947,11.564579660474896,0.0,15.68599201831628,0.0,0.31433204108204293,0.31433204108204293,0.286998820118387,0.20499915722741932,0.31433204108204293,0.31433204108204293,0.300665430600215,0.20499915722741932,0.20499915722741932,0.2733322096365591,0.300665430600215,0.31433204108204293,0.20499915722741932,animal
2.671816845661905,6.018850863209829,8.932913844201455,9.103246013593676,0.0,0.0,0.0,0.44363220460394087,0.24954311508971674,0.24954311508971674,0.20795259590809728,0.2356796086958436,0.277270127877463,0.24954311508971674,0.3188606470590825,0.36045116624070195,0.277270127877463,0.16636207672647782,0.277270127877463,0.16636207672647782,animal
2.998035227375567,6.728418826739826,9.720138436073626,10.200666577817389,20.16159082868082,13.56945827866637,21.470978364752803,0.5718776312789587,0.5278870442575003,0.08798117404291673,0.08798117404291673,0.1539670545751043,0.08798117404291673,0.28593881563947937,0.17596234808583347,0.06598588053218754,0.32992940266093773,0.1539670545751043,0.241948228618021,0.19795764159656265,animal
2.4207508110314224,5.966213826041081,7.946745371809269,8.980189992998177,17.516372179907084,12.063230681018297,0.0,0.07412744586713402,0.10707297736363804,0.29650978346853607,0.016472765748252006,0.18120042323077207,0.016472765748252006,0.23885510334965407,0.5353648868181902,0.42829190945455214,0.3788736122097961,0.22238233760140208,0.3459280807132921,0.14825489173426804,animal
2.6259095012306526,7.024052793667775,9.424969446521832,8.73372621075384,0.0,13.14613107313194,0.0,0.3172726734634386,0.1510822254587803,0.33238089600931664,0.19640689309641438,0.2568397832799265,0.12086578036702424,0.2568397832799265,0.3625973411010727,0.12086578036702424,0.33238089600931664,0.3172726734634386,0.42303023128458483,0.21151511564229242,animal
2.8854716153922793,7.472683914981914,9.905399899102909,9.876703876709033,19.784477460164645,13.87506695911123,0.0,0.39649831502227667,0.28836241092529213,0.20425670773874857,0.3244077122909536,0.2523171095596306,0.5286644200297022,0.19224160728352807,0.18022650682830757,0.3003775113805126,0.16821140637308707,0.14418120546264607,0.18022650682830757,0.16821140637308707,animal
3.1360471588311305,8.593181852720079,12.040212655668087,11.474769408779784,0.0,0.0,0.0,0.3779644730092272,0.5669467095138409,0.1889822365046136,0.236227795630767,0.236227795630767,0.3779644730092272,0.0944911182523068,0.0,0.3307189138830738,0.0,0.3307189138830738,0.0944911182523068,0.0944911182523068,animal
3.067797601085427,7.282092647093714,10.580835617723265,10.82653429506689,0.0,0.0,22.598338517103777,0.481087806537771,0.36406644819074563,0.26004746299338977,0.14302610464636437,0.20803797039471178,0.16903085094570333,0.24704508984372026,0.1950355972450423,0.33806170189140666,0.13002373149669488,0.37706882134041514,0.2210403435443813,0.23404271669405077,animal
2.7440664280710885,6.64712932370755,8.330627766897504,8.868546314174168,17.517442882436068,12.580955931362997,0.0,0.2430325229656146,0.1620216819770764,0.5265704664254983,0.06075813074140365,0.4455596254369601,0.2025271024713455,0.1215162614828073,0.2430325229656146,0.2430325229656146,0.3240433639541528,0.2835379434598837,0.26328523321274916,0.0810108409885382,animal
2.892629554685111,6.861298847512693,9.502704050276423,12.177623543070935,23.260930250977264,0.0,0.0,0.38820520602200254,0.621128329635204,0.258803470681335,0.1294017353406675,0.1811624294769345,0.0776410412044005,0.2846838177494685,0.3364445118857355,0.1811624294769345,0.155282082408801,0.1811624294769345,0.1811624294769345,0.155282082408801,animal
2.9793116515090627,7.441544021228939,10.545863197360372,9.847442331049335,20.678926671982683,0.0,0.0,0.41464137287467534,0.49238663028867696,0.22027822933967128,0.3368961154606737,0.19436314353500406,0.37576874416767453,0.11661788612100243,0.22027822933967128,0.23323577224200487,0.20732068643733767,0.09070280031633524,0.22027822933967128,0.16844805773033686,animal
2.977847777566264,6.895640574646776,9.53694191660243,10.224616456950828,0.0,13.802703870675629,0.0,0.4422689813358516,0.32319656328389157,0.32319656328389157,0.13608276348795434,0.017010345435994292,0.2721655269759087,0.15309310892394862,0.1871137997959372,0.5103103630798288,0.2551551815399144,0.2211344906679258,0.2551551815399144,0.06804138174397717,animal
2.985546795699819,8.111852272298421,10.808546212719028,11.069901748895047,22.286406063574944,16.16752148243172,0.0,0.3922322702763681,0.5295135648730969,0.25495097567963926,0.23533936216582083,0.23533936216582083,0.23533936216582083,0.23533936216582083,0.27456258919345766,0.07844645405527362,0.15689290811054724,0.29417420270727607,0.23533936216582083,0.17650452162436564,animal
2.8786917605606077,7.602056304531531,8.805310539437945,9.170691431043767,18.159079732312488,13.04103667142058,19.5332304686933,0.6028605644882188,0.3246172270321178,0.27824333745610097,0.04637388957601683,0.09274777915203367,0.11593472394004208,0.13912166872805048,0.23186944788008415,0.34780417182012624,0.3014302822441094,0.04637388957601683,0.25505639266809255,0.27824333745610097,animal
3.1054606234771605,8.183071229170363,11.634520124530283,11.200502459572771,0.0,16.017492249748578,22.61815094796684,0.14636410327796678,0.43909230983390035,0.17563692393356012,0.20490974458915348,0.5854564131118671,0.11709128262237342,0.2634553859003402,0.17563692393356012,0.14636410327796678,0.11709128262237342,0.3220010272115269,0.11709128262237342,0.3220010272115269,animal
2.8170122961938473,7.829641489658515,9.050675188889375,9.463896298566478,18.721190155744413,14.321521499379248,20.934960474551563,0.48121773951145314,0.537831591218683,0.21230194390211168,0.08492077756084468,0.29722272146295636,0.22645540682891913,0.22645540682891913,0.19814848097530424,0.254762332682534,0.24060886975572657,0.127381166341267,0.16984155512168936,0.16984155512168936,animal
2.9180017921340387,8.267708823372196,10.10347985654809,10.233806462872332,0.0,15.166739822386942,20.743751860013813,0.2319205952844014,0.4783362277740779,0.20293052087385124,0.253663151092314,0.3478808929266021,0.3623759301318772,0.21017803947648878,0.19568300227121369,0.07972270462901299,0.2319205952844014,0.34063337432396457,0.2826532255028642,0.14495037205275088,animal
3.0362314224652693,7.575711304733496,10.792416556804021,11.381819536261585,0.0,0.0,0.0,0.45815808708395017,0.5359585169661304,0.2679792584830652,0.25933476627393404,0.24204578185567177,0.20746781301914724,0.25933476627393404,0.14695636755522928,0.11237839871870475,0.11237839871870475,0.3112017195287209,0.16424535197349158,0.15560085976436044,animal
2.966953155504228,7.437931823696471,10.41369804370703,10.151579325849239,0.0,0.0,0.0,0.38388805044005214,0.6687082168955747,0.18575228247099296,0.22290273896519155,0.12383485498066198,0.21051925346712536,0.16098531147486056,0.07430091298839718,0.11145136948259578,0.12383485498066198,0.4210385069342507,0.12383485498066198,0.09906788398452958,animal
2.9810885065097907,7.225305738289653,9.951668356491501,10.234146006683105,0.0,14.371172335704772,0.0,0.524663414652674,0.3904471922996644,0.3904471922996644,0.04880589903745805,0.1098132728342806,0.12201474759364513,0.17082064663110316,0.23182802042792572,0.4392530913371224,0.18302212139046767,0.18302212139046767,0.1952235961498322,0.0976117980749161,animal
2.977909122479577,6.975099417566055,10.187558801524402,10.405995193477786,0.0,0.0,20.763541625982718,0.22291200539895206,0.19414916599263565,0.3882983319852713,0.20133987584421476,0.33796336302421764,0.20133987584421476,0.30920052361790124,0.2660562645084266,0.12224206747684467,0.34515407287579675,0.366726202430534,0.2804376842115848,0.23010271525053114,animal
2.623296811304676,6.417832942218967,8.874930418155097,9.129670900534082,18.1942429495233,12.373180949853733,0.0,0.24769107418897984,0.19975086628143535,0.3515615246553262,0.12784055442011863,0.15980069302514827,0.09588041581508897,0.33558145535281136,0.33558145535281136,0.2237209702352076,0.3915116979116133,0.2237209702352076,0.3915116979116133,0.3036213167477817,animal
3.001842737231682,8.392161312988957,9.880554944431886,11.234402990552237,0.0,0.0,21.815830476484173,0.25289376811539965,0.19738050194372658,0.3084070342870728,0.419433566630419,0.36392030045874585,0.419433566630419,0.2775663308583655,0.08018582891463892,0.18504422057224368,0.19738050194372658,0.3084070342870728,0.14803537645779494,0.2097167833152095,animal
2.9969460450345746,7.278998854309714,10.103683007354963,10.742235196077441,0.0,0.0,21.357766158412,0.12921914767618442,0.251259453814803,0.21536524612697402,0.19382872151427663,0.4450881753290796,0.31586902765289526,0.33022671072802684,0.15793451382644763,0.1722921969015792,0.18664987997671081,0.5096977491671718,0.16511335536401342,0.22972292920210563,animal
2.6356291053198286,6.052837595380826,8.519678698683512,9.191606064260915,19.819622566444462,0.0,18.04731039954413,0.3973262494756093,0.19071659974829247,0.3496470995385362,0.06357219991609749,0.2383957496853656,0.15893049979024373,0.2225026997063412,0.3655401495175606,0.20660964972731685,0.3973262494756093,0.07946524989512187,0.3973262494756093,0.2225026997063412,animal
2.74649817544747,6.5056853328815265,9.74534245305788,9.54012856094241,21.095441353425873,0.0,19.18289654915451,0.05326159323308518,0.03804399516648942,0.585877525563937,0.5326159323308518,0.14456718163265977,0.3728311526315963,0.13695838259936188,0.11413198549946824,0.21304637293234072,0.11413198549946824,0.27391676519872377,0.20543757389904282,0.03804399516648942,animal
3.1838894472340806,8.59044925442489,11.570140109364067,13.952917781416527,0.0,0.0,0.0,0.45662965113740955,0.45662965113740955,0.0,0.3913968438320653,0.06523280730534423,0.2609312292213769,0.45662965113740955,0.13046561461068845,0.0,0.19569842191603265,0.19569842191603265,0.13046561461068845,0.19569842191603265,animal
